monumentLabel,monument,coor,image,tipLabel
Stejar pedunculat,http://www.wikidata.org/entity/Q28919774,Point(27.289444444 47.687777777),,
Tei argintiu,http://www.wikidata.org/entity/Q28919869,Point(28.829111 47.027461),http://commons.wikimedia.org/wiki/Special:FilePath/MD.C.C%20-%20Tei%20argintiu%2C%20Teatrul%20Na%C8%9Bional%20de%20Oper%C4%83%20%C8%99i%20Balet%20-%20may%202016%20-%2002.jpg,
Paltin de câmp,http://www.wikidata.org/entity/Q28919871,Point(28.822092 47.019038),http://commons.wikimedia.org/wiki/Special:FilePath/MD.C.C%20-%20Paltin%20de%20c%C3%A2mp%20MD-C-mn.Cb-139%20-%20sep%202021%20-%2002.jpg,
Stejar pedunculat,http://www.wikidata.org/entity/Q28919794,Point(28.780333333 47.683333333),,
Stejar pedunculat,http://www.wikidata.org/entity/Q28919846,Point(28.839444444 46.988055555),http://commons.wikimedia.org/wiki/Special:FilePath/MD.C.C%20-%20Quercus%20robur%20%283%20specimens%29%20in%20M%C4%83lina%20Mare%20-%20jul%202018%20-%2007.jpg,
Duglas verde,http://www.wikidata.org/entity/Q28919881,Point(28.826922 47.027611),http://commons.wikimedia.org/wiki/Special:FilePath/MD.C.C%20-%20Duglas%20verde%20%2819%29%2C%20Parlament%20-%20may%202016%20-%2001.jpg,
Molid de Canada,http://www.wikidata.org/entity/Q28919891,,,
Pin moale,http://www.wikidata.org/entity/Q28919888,,,
Soforă,http://www.wikidata.org/entity/Q28919856,,,
Olănești,http://www.wikidata.org/entity/Q20431940,Point(29.95502 46.49774),,
Stejar pedunculat „Patru frați”,http://www.wikidata.org/entity/Q28919795,Point(27.297573 47.834245),,
Scoruș de casă,http://www.wikidata.org/entity/Q28919782,Point(28.212527777 47.088527777),,
Stejar pedunculat,http://www.wikidata.org/entity/Q28919837,,http://commons.wikimedia.org/wiki/Special:FilePath/Stejarul%20din%20Sculeni.jpg,
Stejar pedunculat,http://www.wikidata.org/entity/Q28919778,Point(28.25155 46.478977),,
Vîșcăuți,http://www.wikidata.org/entity/Q20431957,Point(29.064051 47.420134),http://commons.wikimedia.org/wiki/Special:FilePath/MD.OR%20-%20rezerva%C8%9Bia%20natural%C4%83%20V%C3%AE%C8%99c%C4%83u%C8%9Bi%20-%20jun%202021%20-%2003.jpg,
Frasin,http://www.wikidata.org/entity/Q28919880,,http://commons.wikimedia.org/wiki/Special:FilePath/MD.C.C%20-%20Frasin%2C%20Spitalul%20Clinic%20Republican%20de%20Psihiatrie%20-%20jun%202016%20-%2001.jpg,
Stejar pedunculat,http://www.wikidata.org/entity/Q28919788,Point(27.826944444 48.405833333),,
Molești–Răzeni,http://www.wikidata.org/entity/Q20431935,Point(28.759923 46.768689),,
Platan occidental,http://www.wikidata.org/entity/Q28919849,Point(28.826467 47.027952),http://commons.wikimedia.org/wiki/Special:FilePath/MD.C.C%20-%20Platan%20occidental%20%C3%AEn%20scuarul%20Parlamentului%20-%20jun%202017%20-%2003.jpg,
Cireș,http://www.wikidata.org/entity/Q28919876,,,
Stejar pedunculat,http://www.wikidata.org/entity/Q28919860,Point(28.820688 47.023482),http://commons.wikimedia.org/wiki/Special:FilePath/MD.C.C%20-%20Quercus%20robur%20in%20the%20garden%20of%20the%20Museum%20of%20Ethnography%20-%20may%202017%20-%2004.jpg,
Stejarul lui Ștefan cel Mare din Căpriana,http://www.wikidata.org/entity/Q28919817,Point(28.560937 47.090829),http://commons.wikimedia.org/wiki/Special:FilePath/Oak%20of%20Stephen%20the%20Great.jpg,
Pin negru,http://www.wikidata.org/entity/Q28919886,Point(28.824874 47.022439),http://commons.wikimedia.org/wiki/Special:FilePath/MD.C.C%20-%20Pin%20negru%2C%20%C8%98ciusev%2088%20-%20may%202016%20-%2003.jpg,
Păr pădureț,http://www.wikidata.org/entity/Q28919885,Point(28.747726 47.019393),http://commons.wikimedia.org/wiki/Special:FilePath/MD.C.Durle%C8%99ti%20-%20P%C4%83r%20p%C4%83dure%C8%9B%2C%20str.%20N.%20Testemi%C8%9Banu%2053%20-%20jun%202017%20-%2002.jpg,
Molid argintiu,http://www.wikidata.org/entity/Q28919893,Point(28.867059 46.974241),http://commons.wikimedia.org/wiki/Special:FilePath/MD.C.C%20-%202%20molizi%20argintii%20la%20intrarea%20%C3%AEn%20Gr%C4%83dina%20Zoologic%C4%83%20-%20may%202017%20-%2003.jpg,
Cedru de California,http://www.wikidata.org/entity/Q28919882,Point(28.824874 47.022439),http://commons.wikimedia.org/wiki/Special:FilePath/MD.C.C%20-%20Cedru%20de%20California%20%282%29%2C%20%C8%98ciusev%2088%20-%20may%202016%20-%2002.jpg,
Dud alb,http://www.wikidata.org/entity/Q28919841,Point(28.826805 47.025294),http://commons.wikimedia.org/wiki/Special:FilePath/MD.C.C%20-%20Dud%20alb%20%283%29%2C%20Gr%C4%83dina%20Public%C4%83%20%E2%80%9E%C8%98tefan%20cel%20Mare%E2%80%9D%20-%20may%202016%20-%2004.jpg,
Stejar pedunculat,http://www.wikidata.org/entity/Q28919781,Point(28.07176 47.106458),,
Cedru de California,http://www.wikidata.org/entity/Q28919857,Point(28.827191 47.024624),http://commons.wikimedia.org/wiki/Special:FilePath/MD.C.C%20-%20Cedru%20de%20California%20%284%29%2C%20Gr%C4%83dina%20Public%C4%83%20%E2%80%9E%C8%98tefan%20cel%20Mare%E2%80%9D%20-%20may%202016%20-%2006.jpg,
Stejar pedunculat,http://www.wikidata.org/entity/Q28919815,Point(28.571222222 47.090361111),http://commons.wikimedia.org/wiki/Special:FilePath/MD.ST.Scoreni%20-%205%20stejari%20peduncula%C8%9Bi%20ocroti%C8%9Bi%20de%20stat%20%28MD-ST-mn.Cb-099%29%20-%20may%202017%20-%2003.jpg,
Stejar pedunculat,http://www.wikidata.org/entity/Q28919797,Point(29.53 46.773611111),,
Păr pădureț,http://www.wikidata.org/entity/Q28919818,Point(28.576469 47.088284),http://commons.wikimedia.org/wiki/Special:FilePath/MD.ST.Scoreni%20-%20P%C4%83r%20p%C4%83dure%C8%9B%2C%20monument%20al%20naturii%20-%20may%202017%20-%2007.jpg,
Stejar pedunculat,http://www.wikidata.org/entity/Q28919805,Point(29.622972222 46.775194444),,
Stejar pedunculat,http://www.wikidata.org/entity/Q28919839,Point(28.220277777 45.512222222),http://commons.wikimedia.org/wiki/Special:FilePath/Stejarul%20lui%20mo%C8%99%20Andrei%20Giurgiule%C8%99ti.jpg,
Fag,http://www.wikidata.org/entity/Q28919810,Point(28.484982 47.106757),,
Plop cenușiu,http://www.wikidata.org/entity/Q28919894,Point(28.827698 47.015575),http://commons.wikimedia.org/wiki/Special:FilePath/MD.C.C%20-%20Plop%20cenu%C8%99iu%2C%20Eminescu%207%20-%20may%202016%20-%2004.jpg,
Stejar pedunculat,http://www.wikidata.org/entity/Q28919830,Point(28.065416111 47.297971944),http://commons.wikimedia.org/wiki/Special:FilePath/MD.CL.R%C4%83deni%20-%20Stejar%20pedunculat%20%C3%AEn%20rezerva%C8%9Bia%20Plaiul%20Fagului%20-%20may%202016%20-%2002.jpg,
Stejar pedunculat,http://www.wikidata.org/entity/Q28919772,Point(27.420277777 47.789444444),,
Stejar pedunculat,http://www.wikidata.org/entity/Q28919785,Point(27.486666666 48.363333333),,
Cobîleni,http://www.wikidata.org/entity/Q16664238,Point(29.01833333 47.52),http://commons.wikimedia.org/wiki/Special:FilePath/%D0%96%D1%83%D1%80%D0%B0%20%D0%9A%D0%BE%D0%B1%D1%8B%D0%BB%D0%B5%D0%BD%D1%8C%205.jpg,
Stejar castaneifoliu,http://www.wikidata.org/entity/Q28919824,Point(29.95271 46.470799),,
Stejar pedunculat,http://www.wikidata.org/entity/Q28919844,Point(28.825416 47.018401),http://commons.wikimedia.org/wiki/Special:FilePath/MD.C.C%20-%20Stejar%20pedunculat%2C%20Kog%C4%83lniceanu%2062%20-%20apr%202016%20-%2001.jpg,
Stejar pedunculat,http://www.wikidata.org/entity/Q28919862,Point(28.841666666 46.973055555),http://commons.wikimedia.org/wiki/Special:FilePath/Strada%20Grenoble%20110%2C%20Chi%C8%99in%C4%83u%2C%20Moldova%20-%20panoramio.jpg,
Plop alb,http://www.wikidata.org/entity/Q28919819,Point(28.62017 47.14962),http://commons.wikimedia.org/wiki/Special:FilePath/Plop%20alb%2C%20Str%C4%83%C8%99eni.jpg,
Stejarii lui Petru,http://www.wikidata.org/entity/Q28919796,Point(27.31658 47.834518),,
Castan porcesc,http://www.wikidata.org/entity/Q28919855,Point(28.833588 46.972884),http://commons.wikimedia.org/wiki/Special:FilePath/MD.C.C%20-%20Castani%20porce%C8%99ti%2C%20Parcul%20Asocia%C8%9Biei%20%C8%98tiin%C8%9Bifice%20de%20Produc%C8%9Bie%20%22Vierul%22%20-%20jun%202016%20-%2002.jpg,
Stejar pedunculat,http://www.wikidata.org/entity/Q28919847,Point(28.827222222 46.983611111),http://commons.wikimedia.org/wiki/Special:FilePath/MD.C.C%20-%20Stejar%20pedunculat%20%C3%AEn%20Valea%20Greac%C4%83%20-%20feb%202018%20-%2004.jpg,
Stejar pedunculat,http://www.wikidata.org/entity/Q28919789,Point(27.802777777 48.335),,
Volniș,http://www.wikidata.org/entity/Q28919868,Point(28.828612 47.027658),http://commons.wikimedia.org/wiki/Special:FilePath/MD.C.C%20-%20Volni%C8%99%20%28v%C3%AEnj%29%2C%20Teatrul%20Na%C8%9Bional%20de%20Oper%C4%83%20%C8%99i%20Balet%20-%20may%202016%20-%2003.jpg,
Stejar pedunculat,http://www.wikidata.org/entity/Q28919823,Point(28.551166666 47.800638888),http://commons.wikimedia.org/wiki/Special:FilePath/Stejar%20secular%20din%20satul%20Zahorna.jpg,
Brad de Caucaz,http://www.wikidata.org/entity/Q28919890,,,
Maclura pomiferă,http://www.wikidata.org/entity/Q28919878,,,
Stejar pedunculat,http://www.wikidata.org/entity/Q28919776,,,
Stejar pedunculat,http://www.wikidata.org/entity/Q28919783,,,
Stejar pedunculat,http://www.wikidata.org/entity/Q28919780,,,
Stejar pedunculat,http://www.wikidata.org/entity/Q28919786,,,
Stejar pedunculat,http://www.wikidata.org/entity/Q28919787,,,
Stejar pedunculat,http://www.wikidata.org/entity/Q28919784,,,
Stejar pedunculat,http://www.wikidata.org/entity/Q28919790,,,
Stejar pedunculat,http://www.wikidata.org/entity/Q28919792,,,
Stejar pedunculat,http://www.wikidata.org/entity/Q28919800,,,
Stejar pedunculat,http://www.wikidata.org/entity/Q28919801,,,
Stejar pedunculat,http://www.wikidata.org/entity/Q28919806,,,
Stejar pedunculat,http://www.wikidata.org/entity/Q28919807,,,
Stejar pedunculat,http://www.wikidata.org/entity/Q28919831,,,
Stejar pedunculat,http://www.wikidata.org/entity/Q28919828,,,
Stejar pedunculat,http://www.wikidata.org/entity/Q28919829,,,
Stejar pedunculat,http://www.wikidata.org/entity/Q28919834,,,
Stejar pedunculat,http://www.wikidata.org/entity/Q28919833,,,
Stejar pedunculat,http://www.wikidata.org/entity/Q28919836,,,
Molid de Canada,http://www.wikidata.org/entity/Q28919854,Point(28.834087 46.973704),http://commons.wikimedia.org/wiki/Special:FilePath/MD.C.C%20-%20Molid%20de%20Canada%2C%20Parcul%20Asocia%C8%9Biei%20%C8%98tiin%C8%9Bifice%20de%20Produc%C8%9Bie%20%22Vierul%22%20-%20jun%202016%20-%2002.jpg,
Stejar pedunculat,http://www.wikidata.org/entity/Q28919813,Point(28.573333333 47.094722222),,
Stejar pedunculat,http://www.wikidata.org/entity/Q28919859,Point(28.836367 47.032001),http://commons.wikimedia.org/wiki/Special:FilePath/Stejar%20pedunculat%20in%20curtea%20casei-muzeu%20Puskin%20din%20Chisinau.jpg,
Stejar pedunculat,http://www.wikidata.org/entity/Q28919812,Point(28.560851 47.093974),http://commons.wikimedia.org/wiki/Special:FilePath/Unul%20din%20cei%20zece%20stejari%20pedunculati%20de%20langa%20stejarul%20lui%20Stefan%20cel%20Mare%20din%20Scoreni.jpg,
Stejar pedunculat,http://www.wikidata.org/entity/Q28919848,Point(28.785555555 46.985194444),http://commons.wikimedia.org/wiki/Special:FilePath/MD.C.C%20-%20Stejar%20pedunculat%2C%20Schinoasa-2%2C%20str.%20Basarabiei%20-%20feb%202018%20-%2004.jpg,
Fag,http://www.wikidata.org/entity/Q28919779,,http://commons.wikimedia.org/wiki/Special:FilePath/%D0%9A%D0%BE%D0%B1%D0%B0%D0%BA.jpg,
Gorun,http://www.wikidata.org/entity/Q28919808,Point(28.526567 47.119542),,
Stejar pedunculat,http://www.wikidata.org/entity/Q28919777,Point(28.51787 46.880054),,
Fag,http://www.wikidata.org/entity/Q28919865,,http://commons.wikimedia.org/wiki/Special:FilePath/MD.C.C%20-%20Plaque%20of%20the%20fallen%20European%20beech%2C%20protected%20secular%20tree%20%28MD-C-mn.Cb-135%29%20-%20may%202017.jpg,
Păr pădureț,http://www.wikidata.org/entity/Q28919773,Point(27.426263 47.787538),,
Stejar pedunculat,http://www.wikidata.org/entity/Q28919861,Point(28.816487 47.031427),http://commons.wikimedia.org/wiki/Special:FilePath/MD.C.C%20-%20Quercus%20robur%20in%20the%20Dendrological%20Garden%20of%20Chi%C8%99in%C4%83u%20-%20jun%202017%20-%2004.jpg,
Stejar pedunculat,http://www.wikidata.org/entity/Q28919814,Point(28.578888888 47.090277777),,
Stejar pedunculat,http://www.wikidata.org/entity/Q28919793,,http://commons.wikimedia.org/wiki/Special:FilePath/Stejar%20pedunculat%20batran%20de%20350%20de%20ani%2C%20aflat%20langa%20manastirea%20Curchi.jpg,
Stejar pedunculat,http://www.wikidata.org/entity/Q28919858,Point(28.850008 47.035706),http://commons.wikimedia.org/wiki/Special:FilePath/MD.C.C%20-%20MD-C-mn.Cb-129%20Quercus%20robur%20-%20jun%202017.jpg,
Sâmbovină,http://www.wikidata.org/entity/Q28919874,Point(28.835259 47.025312),http://commons.wikimedia.org/wiki/Special:FilePath/MD.C.C%20-%20S%C3%AEmbovin%C4%83%20%283%29%2C%20Scuarul%20Catedralei%20%E2%80%9ENa%C8%99terea%20Domnului%E2%80%9D%20-%20may%202016%20-%2002.jpg,
Stejar pedunculat,http://www.wikidata.org/entity/Q28919863,Point(28.823858 47.02493),http://commons.wikimedia.org/wiki/Special:FilePath/MD.C.C%20-%20Stejar%20pedunculat%2C%20Bucure%C8%99ti%2087%20-%20may%202016%20-%2001.jpg,
Molid argintiu,http://www.wikidata.org/entity/Q28919892,Point(28.82836 47.020086),http://commons.wikimedia.org/wiki/Special:FilePath/MD.C.C%20-%20Molid%20argintiu%20%282%29%2C%20Pu%C8%99kin%2011%20-%20may%202016%20-%2001.jpg,
Cenușar,http://www.wikidata.org/entity/Q28919895,,,
Glădiță,http://www.wikidata.org/entity/Q28919867,,,
Glădiță,http://www.wikidata.org/entity/Q28919879,,,
Plop alb,http://www.wikidata.org/entity/Q28919804,,,
Ulm de câmp,http://www.wikidata.org/entity/Q28919850,,,
Stejar pedunculat,http://www.wikidata.org/entity/Q28919802,Point(29.528083333 46.77375),,
Stejar pedunculat,http://www.wikidata.org/entity/Q28919809,Point(28.725611111 47.17),,
Sâmbovină,http://www.wikidata.org/entity/Q28919872,Point(28.817631 47.023858),http://commons.wikimedia.org/wiki/Special:FilePath/MD.C.C%20-%20S%C3%A2mbovine%2C%20str.%20Mateevici%203%20-%20jun%202017%20-%2001.jpg,
Stejar alb,http://www.wikidata.org/entity/Q28919852,Point(28.837222222 46.953888888),http://commons.wikimedia.org/wiki/Special:FilePath/MD.C.C%20-%20Stejar%20alb%2C%20Spitalul%20Clinic%20Republican%20de%20Psihiatrie%20-%20jun%202016%20-%2002.jpg,
Stejar pedunculat,http://www.wikidata.org/entity/Q28919825,Point(29.954444444 46.469166666),,
Stejar pedunculat,http://www.wikidata.org/entity/Q28919826,Point(29.602777777 46.675833333),,
Pin negru,http://www.wikidata.org/entity/Q28919884,Point(28.824973 47.022934),http://commons.wikimedia.org/wiki/Special:FilePath/MD.C.C%20-%20Pin%20negru%2C%20Iorga%2022%20-%20may%202016.jpg,
Pin negru,http://www.wikidata.org/entity/Q28919887,Point(28.822056 47.018107),http://commons.wikimedia.org/wiki/Special:FilePath/MD.C.C%20-%20Pin%20negru%20%287%29%2C%20Mateevici%2077%20-%20may%202016%20-%2011.jpg,
Alun turcesc,http://www.wikidata.org/entity/Q28919756,Point(27.811111111 48.006666666),,
Izvorul Cărăușilor,http://www.wikidata.org/entity/Q28916586,Point(28.799967 47.942633),http://commons.wikimedia.org/wiki/Special:FilePath/MD.SD.Clim%C4%83u%C8%9Bii%20de%20Jos%20-%20Izvorul%20C%C4%83r%C4%83u%C8%99ilor%20-%20jun%202021%20-%2002.jpg,
Stejar pedunculat,http://www.wikidata.org/entity/Q28919759,Point(29.1125 47.112222222),http://commons.wikimedia.org/wiki/Special:FilePath/Stejarul%20gigant.jpg,
Stejar pedunculat,http://www.wikidata.org/entity/Q28919675,Point(29.411111111 46.945555555),,
Stejar pedunculat,http://www.wikidata.org/entity/Q28919694,Point(26.871666666 48.223055555),,
Călineștii Mici,http://www.wikidata.org/entity/Q28916605,Point(27.492975 47.577848),http://commons.wikimedia.org/wiki/Special:FilePath/Ocolul%20silvic%20C%C4%83line%C8%99ti%20la%20intrare.jpg,
Stejar pedunculat,http://www.wikidata.org/entity/Q28919670,Point(29.411944444 46.947777777),,
Păr pădureț,http://www.wikidata.org/entity/Q28919686,Point(27.019698 48.27856),,
Bălțata,http://www.wikidata.org/entity/Q28916596,Point(28.548263 47.944773),,
Lipnic,http://www.wikidata.org/entity/Q28916606,Point(27.495646 48.370616),,
Pogoreloe,http://www.wikidata.org/entity/Q28916601,Point(29.200376 47.147707),http://commons.wikimedia.org/wiki/Special:FilePath/MD.CR.Dub%C4%83sarii%20Vechi%20-%20Pogoreloe%20forest%20-%20jun%202017%20-%2018.jpg,
Plop de Canada,http://www.wikidata.org/entity/Q28919753,Point(28.836404 47.142069),http://commons.wikimedia.org/wiki/Special:FilePath/MD.CR.M%C4%83gd%C4%83ce%C8%99ti%20-%207%20plopi%20de%20Canada%20-%20jun%202017%20-%2002.jpg,
Izvoarele din satul Vărăncău,http://www.wikidata.org/entity/Q28916585,Point(28.508819 48.065871),,
Izvorul din satul Codreni,http://www.wikidata.org/entity/Q28916571,Point(27.722266 48.430187),http://commons.wikimedia.org/wiki/Special:FilePath/MD.OC.Codreni%20-%20izvorul%20din%20Codreni%20-%20apr%202018%20-%2004.jpg,
Pin de pădure,http://www.wikidata.org/entity/Q28919745,Point(28.384978 47.256789),http://commons.wikimedia.org/wiki/Special:FilePath/MD.CL.P%C4%83ule%C8%99ti%20-%2024%20pini%20de%20p%C4%83dure%20%28ceas%20solar%29%20l%C3%A2ng%C4%83%20conacul%20lui%20Dinu%20Ruso%20-%20may%202017%20-%2004.jpg,
Caracușeni,http://www.wikidata.org/entity/Q28916593,Point(27.020407 48.268001),,
Izvorul din satul Cucuruzeni,http://www.wikidata.org/entity/Q28916572,Point(28.727985 47.480857),http://commons.wikimedia.org/wiki/Special:FilePath/MD.OR.Cucuruzeni%20-%20spring%20of%20Cucuruzeni%20-%20aug%202017%20-%2011.jpg,
Izvoarele din satul Cotova,http://www.wikidata.org/entity/Q28916563,Point(27.952795 48.160462),http://commons.wikimedia.org/wiki/Special:FilePath/Izvoarele%20din%20satul%20Cotova.jpg,
Stejar pedunculat,http://www.wikidata.org/entity/Q28919754,Point(27.634783 48.248912),http://commons.wikimedia.org/wiki/Special:FilePath/MD.DN.Dondu%C8%99eni%20-%20stejar%20pedunculat%20pe%20traseul%20Dondu%C8%99eni-Plop%20-%20apr%202018%20-%2008.jpg,
Havuzul Mare,http://www.wikidata.org/entity/Q28916564,Point(29.157282 47.253137),,
Stejar pedunculat „Doi frați”,http://www.wikidata.org/entity/Q28919724,,,
Stejar pedunculat,http://www.wikidata.org/entity/Q28919699,Point(28.8955 47.9574),,
Rudi-Gavan,http://www.wikidata.org/entity/Q28916603,Point(27.953156 48.322544),http://commons.wikimedia.org/wiki/Special:FilePath/P%C4%83durea%20Rudi-Gavan%2003.jpg,
Frasin,http://www.wikidata.org/entity/Q28919735,Point(28.448611111 47.23),,
Izvor-havuz în Proteagailovca,http://www.wikidata.org/entity/Q28916591,Point(29.426256 46.83035),http://commons.wikimedia.org/wiki/Special:FilePath/%D0%92%D0%B5%D1%81%D0%B5%D0%BD%D0%BD%D0%B8%D0%B9%20%D1%84%D0%BE%D0%BD%D1%82%D0%B0%D0%BD%28%D0%BE%D0%B1%D1%89%D0%B8%D0%B9%20%D0%B2%D0%B8%D0%B4%29%202.jpg,
Platan occidental,http://www.wikidata.org/entity/Q28919744,Point(28.384683 47.256527),http://commons.wikimedia.org/wiki/Special:FilePath/MD.CL.P%C4%83ule%C8%99ti%20-%20Platanus%20%C3%97%20hispanica%20-%20may%202017%20-%2001.jpg,
Stejar pedunculat,http://www.wikidata.org/entity/Q28919751,Point(28.994166666 47.184722222),http://commons.wikimedia.org/wiki/Special:FilePath/Arborele%20secular%2C%20Parcela%2035.jpg,
Haraba,http://www.wikidata.org/entity/Q28916607,Point(29.150687 47.901861),,
Gorun,http://www.wikidata.org/entity/Q28919731,,,
Gorun,http://www.wikidata.org/entity/Q28919732,,,
Gorun,http://www.wikidata.org/entity/Q28919743,,,
Izvorul din satul Fîntînița,http://www.wikidata.org/entity/Q28916559,Point(27.697493 48.105254),,
Stejar pedunculat,http://www.wikidata.org/entity/Q28919769,Point(27.605555555 47.505833333),,
Izvorul de lângă stația de cale ferată Naslavcea,http://www.wikidata.org/entity/Q28916570,Point(27.574954 48.43584),,
Rezervorul de apă de pe râul Ciuluc,http://www.wikidata.org/entity/Q28916582,Point(28.2831 47.588993),http://commons.wikimedia.org/wiki/Special:FilePath/MD.SG.Mihailovca%20-%20rezervorul%20de%20ap%C4%83%20de%20pe%20r%C3%A2ul%20Ciuluc%20-%20apr%202018%20-%2006.jpg,
Stejar pedunculat,http://www.wikidata.org/entity/Q28919770,Point(28.339166666 47.7575),,
Stejar pedunculat,http://www.wikidata.org/entity/Q28919758,Point(29.129166666 47.102777777),,
Izvoarele din satul Molochișul Mare,http://www.wikidata.org/entity/Q28916577,Point(29.057185 47.858818),,
Stejar pedunculat,http://www.wikidata.org/entity/Q28919697,Point(28.8697 47.996),,
Izvorul lui Suvorov,http://www.wikidata.org/entity/Q28916552,Point(29.470732 46.769659),http://commons.wikimedia.org/wiki/Special:FilePath/IzvorSuvorov.jpg,
Stejar pedunculat,http://www.wikidata.org/entity/Q28919752,Point(29.013055555 47.189722222),http://commons.wikimedia.org/wiki/Special:FilePath/Panorama%20arborelui%20secular%2001.jpg,
Stejar pedunculat,http://www.wikidata.org/entity/Q28919693,Point(26.838333333 48.296111111),,
Stejar pedunculat,http://www.wikidata.org/entity/Q28919696,Point(26.797642 48.26592),http://commons.wikimedia.org/wiki/Special:FilePath/Stejar%20400%20ani%20Lipcani%20Briceni%20%281%29.jpg,
Cuhurești,http://www.wikidata.org/entity/Q28916594,Point(28.546343 47.916038),,
Izvorul din satul Copceac,http://www.wikidata.org/entity/Q28916589,Point(28.700553 45.843695),,
Izvorul din satul Sămășcani,http://www.wikidata.org/entity/Q28916588,Point(28.701755 47.754844),http://commons.wikimedia.org/wiki/Special:FilePath/MD.SD.S%C4%83m%C4%83%C8%99cani%20-%20izvorul%20%28monument%20al%20naturii%29%20-%20jun%202021%20-%2002.jpg,
Schinoasa Mare,http://www.wikidata.org/entity/Q28916592,Point(29.027102 46.863357),http://commons.wikimedia.org/wiki/Special:FilePath/MD.AN%20-%20Schinoasa%20Mare%20forest%20-%20apr%202021%20-%2001.jpg,
Izvorul din preajma satului Zahorna,http://www.wikidata.org/entity/Q28916587,Point(28.546244 47.795016),,
Fag,http://www.wikidata.org/entity/Q28919733,Point(28.468611111 47.35),,
Izvoarele din satul Ordășei,http://www.wikidata.org/entity/Q28916590,Point(28.497065 47.688772),http://commons.wikimedia.org/wiki/Special:FilePath/MD.TL.Ord%C4%83%C8%99ei%20-%20izvorul%20amonte%20din%20Ord%C4%83%C8%99ei%20-%20aug%202017%20-%2017.jpg,
Borceac,http://www.wikidata.org/entity/Q28916598,Point(28.488707 46.054803),,
Pădure de plop,http://www.wikidata.org/entity/Q28916600,Point(29.264105 47.129564),http://commons.wikimedia.org/wiki/Special:FilePath/MD.CR.Dub%C4%83sarii%20Vechi%20-%20P%C4%83dure%20de%20plop%20-%20oct%202011%20-%201.jpg,
Izvorul din satul Izvoare,http://www.wikidata.org/entity/Q28916573,Point(28.960771 47.549898),http://commons.wikimedia.org/wiki/Special:FilePath/MD.OR.Izvoare%20-%20izvorul%20din%20satul%20Izvoare%20-%20jun%202021%20-%2003.jpg,
Stejar pedunculat,http://www.wikidata.org/entity/Q28919760,Point(29.100477 47.100279),http://commons.wikimedia.org/wiki/Special:FilePath/Panorama%20stejarilor%20l%C3%AEng%C4%83%20s.Pirita.jpg,
Izvorul din satul Plop,http://www.wikidata.org/entity/Q28916558,Point(27.704613 48.25671),http://commons.wikimedia.org/wiki/Special:FilePath/Izvoare%20Plop%20Dondiuseni%20%286%29.jpg,
Izvoarele din satul Horodiște,http://www.wikidata.org/entity/Q28916576,Point(28.944125 47.612969),http://commons.wikimedia.org/wiki/Special:FilePath/MD.RZ.Horodi%C8%99te%20-%20Izvorul%20Bl%C4%83n%C4%83ri%C8%9Bei%20-%20jun%202021%20-%2003.jpg,
Cîietu,http://www.wikidata.org/entity/Q28916599,Point(28.442257 46.126536),http://commons.wikimedia.org/wiki/Special:FilePath/MD.CT.C%C3%AEietu%20-%20sectorul%20reprezentativ%20cu%20vegeta%C8%9Bie%20silvic%C4%83%20C%C3%AEietu%20-%20apr%202018%20-%2006.jpg,
Păr pădureț,http://www.wikidata.org/entity/Q28919726,,,
Stejar pedunculat,http://www.wikidata.org/entity/Q28919666,,,
Stejar pedunculat,http://www.wikidata.org/entity/Q28919664,,,
Stejar pedunculat,http://www.wikidata.org/entity/Q28919668,,,
Stejar pedunculat,http://www.wikidata.org/entity/Q28919672,,,
Stejar pedunculat,http://www.wikidata.org/entity/Q28919679,,,
Stejar pedunculat,http://www.wikidata.org/entity/Q28919676,,,
Stejar pedunculat,http://www.wikidata.org/entity/Q28919677,,,
Stejar pedunculat,http://www.wikidata.org/entity/Q28919682,,,
Stejar pedunculat,http://www.wikidata.org/entity/Q28919683,,,
Stejar pedunculat,http://www.wikidata.org/entity/Q28919680,,,
Stejar pedunculat,http://www.wikidata.org/entity/Q28919681,,,
Stejar pedunculat,http://www.wikidata.org/entity/Q28919687,,,
Stejar pedunculat,http://www.wikidata.org/entity/Q28919684,,,
Stejar pedunculat,http://www.wikidata.org/entity/Q28919685,,,
Stejar pedunculat,http://www.wikidata.org/entity/Q28919690,,,
Stejar pedunculat,http://www.wikidata.org/entity/Q28919691,,,
Stejar pedunculat,http://www.wikidata.org/entity/Q28919723,,,
Stejar pedunculat,http://www.wikidata.org/entity/Q28919725,,,
Stejar pedunculat,http://www.wikidata.org/entity/Q28919739,,,
Stejar pedunculat,http://www.wikidata.org/entity/Q28919736,,,
Stejar pedunculat,http://www.wikidata.org/entity/Q28919747,,,
Stejar pedunculat,http://www.wikidata.org/entity/Q28919749,,,
Stejar pedunculat,http://www.wikidata.org/entity/Q28919762,,,
Stejar pedunculat,http://www.wikidata.org/entity/Q28919763,,,
Stejar pedunculat,http://www.wikidata.org/entity/Q28919766,,,
Stejar pedunculat,http://www.wikidata.org/entity/Q28919764,,,
Izvorul din satul Horodiște,http://www.wikidata.org/entity/Q28916557,Point(27.822318 48.266481),,
Stejarul lui Ștefan cel Mare din Cobîlea,http://www.wikidata.org/entity/Q12102590,Point(28.660559 47.867392),http://commons.wikimedia.org/wiki/Special:FilePath/Stejar%20Stefan%20cel%20Mare%20Cobilea%20Soldanesti%20%286%29.jpg,
Stejar pedunculat,http://www.wikidata.org/entity/Q28919767,Point(27.124444444 48.177222222),,
Stejar pedunculat,http://www.wikidata.org/entity/Q28919750,Point(28.449722222 46.135833333),,
Paltin de câmp,http://www.wikidata.org/entity/Q28919742,Point(28.23375 47.317222222),,
Izvorul din satul Nemțeni,http://www.wikidata.org/entity/Q28916569,Point(28.115564 46.922876),http://commons.wikimedia.org/wiki/Special:FilePath/MD.HN%20-%20izvorul%20din%20Nem%C8%9Beni%20-%20jul%202021%20-%2002.jpg,
Fag,http://www.wikidata.org/entity/Q28919738,Point(28.233333333 47.316944444),,
Izvorul din satul Stroiești,http://www.wikidata.org/entity/Q28916579,Point(28.936412 47.88583),http://commons.wikimedia.org/wiki/Special:FilePath/Izvor%20Stroiesti%20Rabnita%20%283%29.jpg,
Izvoarele minerale din satul Onițcani,http://www.wikidata.org/entity/Q28916555,Point(29.039416 47.162125),http://commons.wikimedia.org/wiki/Special:FilePath/Izvor%20%C3%AEn%20Oni%C8%9Bcani.jpg,
Plop alb,http://www.wikidata.org/entity/Q28919730,Point(28.226251 46.275607),http://commons.wikimedia.org/wiki/Special:FilePath/MD.CT.Cania%20-%20plop%20alb%20-%20apr%202018%20-%2001.jpg,
Plop cenușiu,http://www.wikidata.org/entity/Q28919729,,,
Izvorul din satul Mîndîc,http://www.wikidata.org/entity/Q28916561,Point(27.787793 48.157751),,
Pin moale,http://www.wikidata.org/entity/Q28919757,Point(27.811416666 48.006861111),,
Ecosistemul acvatic „La Moară”,http://www.wikidata.org/entity/Q28916581,Point(27.66837 47.887352),http://commons.wikimedia.org/wiki/Special:FilePath/MD.RS.Recea%20-%20ecosistemul%20acvatic%20%E2%80%9ELa%20Moar%C4%83%E2%80%9D%20-%20apr%202018%20-%2001.jpg,
Fag,http://www.wikidata.org/entity/Q28919741,Point(28.23275 47.3165),,
Hîrjauca-Sipoteni,http://www.wikidata.org/entity/Q28916597,Point(28.237567 47.315898),http://commons.wikimedia.org/wiki/Special:FilePath/Padurea%20de%20fag%20Hirjavca%20Calaras%20%285%29.jpg,
Parcul din satul Cuhureștii de Sus,http://www.wikidata.org/entity/Q28938149,Point(28.553222222 47.920194444),http://commons.wikimedia.org/wiki/Special:FilePath/MD.FR.Cuhure%C8%99tii%20de%20Sus%20-%20parcul%20dendrologic%20-%20jun%202021%20-%2007.jpg,
Luncă cu iarba-câmpului stoloniferă,http://www.wikidata.org/entity/Q28937844,Point(28.138406 47.480473),,
Cernoziom obișnuit al zonei dunărene de stepă,http://www.wikidata.org/entity/Q28937581,Point(28.61732 46.238037),,
Sector de stepă în nordul Bugeacului,http://www.wikidata.org/entity/Q28937688,Point(28.712481 46.407131),http://commons.wikimedia.org/wiki/Special:FilePath/MD.GE.Bugeac%20-%20sector%20de%20step%C4%83%20%C3%AEn%20nordul%20Bugeacului%20%28I%29%20-%20apr%202018.jpg,
Parcul din satul Bălăbănești,http://www.wikidata.org/entity/Q28938155,Point(29.134213 47.060287),http://commons.wikimedia.org/wiki/Special:FilePath/MD.CR.B%C4%83l%C4%83b%C4%83ne%C8%99ti%20-%20Park%20of%20B%C4%83l%C4%83b%C4%83ne%C8%99ti%20-%20jun%202017%20-%2002.jpg,
Cernoziom tipic gras al zonei de silvostepă din nordul Moldovei,http://www.wikidata.org/entity/Q28937587,Point(27.873663 47.767283),,
Luncă cu predominarea golomățului,http://www.wikidata.org/entity/Q28937834,Point(28.270075 47.728784),,
Luncă cu puccinelie,http://www.wikidata.org/entity/Q28937841,Point(28.108935 47.497994),http://commons.wikimedia.org/wiki/Special:FilePath/Intrarea%20%C3%AEn%20Dumbr%C4%83vi%C8%9Ba%20%28raionul%20S%C3%AEngerei%29.jpg,
Luncă cu păiuș,http://www.wikidata.org/entity/Q28937867,Point(28.101342 47.429727),http://commons.wikimedia.org/wiki/Special:FilePath/MD.UN.Condr%C4%83te%C8%99ti%20-%20lunc%C4%83%20cu%20p%C4%83iu%C8%99%20-%20nov%202017%20-%2001.jpg,
Luncă cu bumbăcariță,http://www.wikidata.org/entity/Q28937849,Point(28.481503 47.091835),http://commons.wikimedia.org/wiki/Special:FilePath/MD.ST.C%C4%83priana%20-%20cottonseed%20field%20near%20C%C4%83priana%20%28panorama%29%20-%20jun%202017.jpg,
Aleea de tei dintre satele Pavlovca și Larga,http://www.wikidata.org/entity/Q28938145,Point(26.864599 48.375148),,
Luncă cu firuță,http://www.wikidata.org/entity/Q28937870,Point(28.072093 47.425984),http://commons.wikimedia.org/wiki/Special:FilePath/MD.UN.H%C3%AErce%C8%99ti%20-%20lunc%C4%83%20cu%20firu%C8%9B%C4%83%20-%20nov%202017%20-%2007.jpg,
Luncă cu coada-vulpii,http://www.wikidata.org/entity/Q28937868,Point(28.060534 47.424457),http://commons.wikimedia.org/wiki/Special:FilePath/MD.UN.H%C3%AErce%C8%99ti%20-%20lunc%C4%83%20cu%20coada-vulpii%20-%20nov%202017%20-%2009.jpg,
Sistemul de perdele forestiere de protecție din preajma municipiului Bălți,http://www.wikidata.org/entity/Q28937907,Point(27.903055555 47.809722222),http://commons.wikimedia.org/wiki/Special:FilePath/Sistemul%20de%20perdele%20forestiere%20de%20protec%C8%9Bie%20B%C4%83l%C8%9Bi.JPG,
Parcul din satul Temeleuți,http://www.wikidata.org/entity/Q28938153,Point(28.494559 47.977991),http://commons.wikimedia.org/wiki/Special:FilePath/Parc%20Temeleuti%20Floresti%20%283%29.jpg,
Sistemul de perdele forestiere de protecție din satul Tvardița,http://www.wikidata.org/entity/Q28937903,Point(28.994109 46.184866),http://commons.wikimedia.org/wiki/Special:FilePath/MD.CE.Tvardi%C8%9Ba%20-%20Sistemul%20de%20perdele%20forestiere%20de%20protec%C8%9Bie%20-%20apr%202018%20-%2002.jpg,
Parcul Țaul,http://www.wikidata.org/entity/Q12737550,Point(27.674303083 48.208426755),http://commons.wikimedia.org/wiki/Special:FilePath/Autumn%20Taul%20Park%20%281980%29.%20%2824455559571%29.jpg,
Grădina Dendrologică din Tiraspol,http://www.wikidata.org/entity/Q28937923,Point(29.644681 46.830255),http://commons.wikimedia.org/wiki/Special:FilePath/Gradina%20botanica%20Tiraspol%20%284%29.jpg,
Luncă cu firuță,http://www.wikidata.org/entity/Q28937854,Point(28.470094 47.598058),http://commons.wikimedia.org/wiki/Special:FilePath/%D0%9D%D0%B5%D0%B3%D1%83%D1%80%D0%B5%D0%BD%D1%8B%20-%20%D0%9A%D0%B8%D1%86%D0%BA%D0%B0%D0%BD%D0%B8%D0%B9%20%D0%92%D0%B5%D0%BA%D1%8C%20%D0%BB%D1%83%D0%B3.jpg,
Parcul din satul Stolniceni,http://www.wikidata.org/entity/Q28938167,Point(27.339064 48.030212),http://commons.wikimedia.org/wiki/Special:FilePath/Parc%20Stolniceni%20Edinet%20%281%29.jpg,
Parcul din satul Brînzeni,http://www.wikidata.org/entity/Q28938163,Point(27.180936 48.086216),http://commons.wikimedia.org/wiki/Special:FilePath/MD.ED.Br%C3%AEnzeni%20-%20parcul%20dendrologic%20din%20Br%C3%AEnzeni%20-%20apr%202018%20-%2006.jpg,
Parcul Țaul,http://www.wikidata.org/entity/Q12737550,Point(27.671629 48.205335),http://commons.wikimedia.org/wiki/Special:FilePath/Autumn%20Taul%20Park%20%281980%29.%20%2824455559571%29.jpg,
Luncă cu predominarea golomățului,http://www.wikidata.org/entity/Q28937862,Point(28.198195 47.537454),,
Sector cu vegetație de stepă,http://www.wikidata.org/entity/Q28937695,Point(29.582861 46.738433),,
Luncă cu bumbăcariță,http://www.wikidata.org/entity/Q28937851,Point(28.362381 47.10608),http://commons.wikimedia.org/wiki/Special:FilePath/MD.ST.Lozova%20-%20cottonseed%20field%20in%20Codru%20scientific%20reserve%20-%20may%202017%20-%2004.jpg,
Cernoziom compact al zonei dunărene de stepă,http://www.wikidata.org/entity/Q28937580,Point(28.934118 46.680693),,
Cernoziom levigat al zonei de silvostepă din nordul Moldovei,http://www.wikidata.org/entity/Q28937582,Point(27.731843 47.984381),,
"Alei de larice și tei, grupuri de conifere",http://www.wikidata.org/entity/Q28938154,Point(28.421009 47.20916),http://commons.wikimedia.org/wiki/Special:FilePath/MD.ST.Rassvet%20-%20Park%20of%20Rassvet%20-%20may%202017%20-%2002.jpg,
Parcul din satul Cubolta,http://www.wikidata.org/entity/Q28938172,Point(28.017475 47.876646),http://commons.wikimedia.org/wiki/Special:FilePath/Parc%26conac%20Cubolta%20Singerei%20%287%29.jpg,
Parcul din satul Hincăuți,http://www.wikidata.org/entity/Q28938165,Point(27.347707 48.265068),http://commons.wikimedia.org/wiki/Special:FilePath/Parc%26conac%20Hincauti%20Edinet%20%281%29.jpg,
Cernoziom levigat caracteristic stepei Bălților,http://www.wikidata.org/entity/Q28937583,Point(27.802964 48.057492),,
Parcul din satul Miclești,http://www.wikidata.org/entity/Q28938156,Point(28.803489 47.243254),http://commons.wikimedia.org/wiki/Special:FilePath/MD.CR.Micle%C8%99ti%20-%20Park%20of%20Micle%C8%99ti%20-%20jun%202017%20-%2003.jpg,
Luncă cu ovăzcior,http://www.wikidata.org/entity/Q28937865,Point(28.162254 47.424373),,
Luncă cu puccinelie gigantică,http://www.wikidata.org/entity/Q28937858,Point(28.440453 47.558428),http://commons.wikimedia.org/wiki/Special:FilePath/MD.TL.Verejeni%20-%20lunc%C4%83%20cu%20puccinelie%20gigantic%C4%83%20-%20apr%202018%20-%2007.jpg,
Cernoziom obișnuit gras al zonei basarabene de stepă,http://www.wikidata.org/entity/Q28937590,Point(29.682232 46.833993),,
Parcul „Iasnaia Poliana”,http://www.wikidata.org/entity/Q28938162,Point(27.807428 48.005661),,
Parcul din satul Rediul Mare,http://www.wikidata.org/entity/Q28938158,Point(27.515444 48.228366),http://commons.wikimedia.org/wiki/Special:FilePath/MD.DN.Rediul%20Mare%20-%20park%20of%20Rediul%20Mare%20-%20apr%202018%20-%2065.jpg,
Complex de solonețuri și cernoziomuri solonețizate ale zonei de silvostepă din nordul Moldovei,http://www.wikidata.org/entity/Q28937588,Point(28.140591 47.571903),,
Sector de stepă a Bălților,http://www.wikidata.org/entity/Q28937692,Point(28.067105 47.618192),http://commons.wikimedia.org/wiki/Special:FilePath/Vr%C4%83ne%C8%99ti-2.jpg,
Luncă cu dumbravnic,http://www.wikidata.org/entity/Q28937829,Point(28.7255 47.385633),,
Luncă cu predominarea ierbii-câmpului gigantice,http://www.wikidata.org/entity/Q28937831,Point(28.230696 47.726422),,
Luncă mlăștinoasă cu rogoz,http://www.wikidata.org/entity/Q28937821,Point(27.846517 48.216509),,
Luncă cu păiuș,http://www.wikidata.org/entity/Q28937846,Point(27.973833 47.572499),,
Luncă cu firuță,http://www.wikidata.org/entity/Q28937836,Point(28.002706 47.492104),,
Luncă cu vegetație halofită,http://www.wikidata.org/entity/Q28937861,Point(28.39326 47.562977),http://commons.wikimedia.org/wiki/Special:FilePath/MD.TL.B%C4%83ne%C8%99ti%20-%20lunc%C4%83%20cu%20vegeta%C8%9Bie%20halofit%C4%83%20-%20apr%202018%20-%2003.jpg,
Cernoziom levigat gras al zonei silvice centrale a Moldovei,http://www.wikidata.org/entity/Q28937585,Point(28.883477 47.312433),http://commons.wikimedia.org/wiki/Special:FilePath/MD.OR.Ivancea%20-%20Chernozem%20field%20near%20Ivancea%20-%20jun%202017%20-%2005.jpg,
Luncă cu iarba-câmpului gigantică,http://www.wikidata.org/entity/Q28937864,Point(28.267481 47.513778),,
Parcul Hîrbovăț,http://www.wikidata.org/entity/Q28938141,Point(29.393865 46.851906),http://commons.wikimedia.org/wiki/Special:FilePath/%D0%9E%D0%B7%D0%B5%D1%80%D0%BE%20%D0%BD%D0%B0%20%D0%BE%D0%BA%D1%80%D0%B0%D0%B8%D0%BD%D0%B5%20%D0%A5%D1%8B%D1%80%D0%B1%D0%BE%D0%B2%D1%8D%D1%86%D0%BA%D0%BE%D0%B3%D0%BE%20%D0%BF%D0%B0%D1%80%D0%BA%D0%B0%20%D0%B8%20%D1%81%D0%B5%D0%BB%D0%B0%20%D0%A5%D1%8B%D1%80%D0%B1%D0%BE%D0%B2%D1%8D%D1%86.jpg,
Parcul din satul Mîndîc,http://www.wikidata.org/entity/Q28938161,Point(27.863882 48.161112),http://commons.wikimedia.org/wiki/Special:FilePath/Parc%20si%20conac%20Vila-Mindic%20Drochia%20%2810%29.jpg,
Luncă cu iarba-câmpului stoloniferă,http://www.wikidata.org/entity/Q28937824,Point(27.665575 48.084785),,
Parcul de cultură și odihnă „Valea Morilor”,http://www.wikidata.org/entity/Q25459177,Point(28.815175 47.021324),http://commons.wikimedia.org/wiki/Special:FilePath/MD.C.C%20-%20Valea%20Morilor%20-%20may%202016%20-%2005.jpg,
Parcul din satul Pavlovca,http://www.wikidata.org/entity/Q28938143,Point(26.877152 48.383171),http://commons.wikimedia.org/wiki/Special:FilePath/Parc%26conac%20Pavlovca%20Briceni%20%288%29.jpg,
Unguri–Holoșnița,http://www.wikidata.org/entity/Q28913000,Point(27.901586 48.354245),http://commons.wikimedia.org/wiki/Special:FilePath/%D0%A0%D0%9B%D0%9F%20%D0%94%D0%BD%D1%96%D1%81%D1%82%D0%B5%D1%8017.jpg,
Lacurile Prutului de Jos,http://www.wikidata.org/entity/Q28861917,Point(28.137601 45.803268),http://commons.wikimedia.org/wiki/Special:FilePath/Lacul%20Beleu%2C%20s.%20Slobozia%20Mare%20Cahul.jpg,
Cernoziom xerofitic de pădure al zonei dunărene de stepă,http://www.wikidata.org/entity/Q28937579,Point(28.27893 46.04601),,
Cernoziom micelar-carbonatat gras al zonei dunărene de stepă,http://www.wikidata.org/entity/Q28937578,Point(28.217186 45.9432),,
Sector de stepă în sudul Bugeacului,http://www.wikidata.org/entity/Q28937697,Point(28.552844 45.79059),http://commons.wikimedia.org/wiki/Special:FilePath/MD.TR.Vinogradovca%20-%20Sector%20de%20step%C4%83%20%C3%AEn%20sudul%20Bugeacului%20-%20apr%202018%20-%2007.jpg,
Luncă cu păiuș,http://www.wikidata.org/entity/Q28937869,Point(28.079352 47.428627),http://commons.wikimedia.org/wiki/Special:FilePath/MD.UN.H%C3%AErce%C8%99ti%20-%20lunc%C4%83%20cu%20p%C4%83iu%C8%99%20-%20nov%202017%20-%2006.jpg,
Luncă inundabilă cu vegetație de baltă,http://www.wikidata.org/entity/Q28937826,Point(28.233944 46.491348),,
Parcul din satul Ivancea,http://www.wikidata.org/entity/Q28938170,Point(28.858132 47.286203),http://commons.wikimedia.org/wiki/Special:FilePath/Conacul%20si%20parcul%20Balioz%20Ivancea%20Orhei%20%289%29.jpg,
Grădina Muzeului Național de Etnografie și Istorie Naturală,http://www.wikidata.org/entity/Q28938174,Point(28.820262 47.023561),http://commons.wikimedia.org/wiki/Special:FilePath/MD.C.C%20-%20Garden%20of%20the%20Ethnographic%20museum%20in%20Chi%C8%99in%C4%83u%20-%20may%202017%20-%2002.jpg,
Luncă cu iarba-câmpului,http://www.wikidata.org/entity/Q28937839,Point(27.996669 47.485768),,
Complex de soluri cenușii și cenușii-închis de pădure (în pădure) al zonei de silvostepă din nordul Moldovei,http://www.wikidata.org/entity/Q28937577,Point(27.157137 48.354774),,
Parcul din satul Milești,http://www.wikidata.org/entity/Q28938168,Point(28.042418 47.213803),http://commons.wikimedia.org/wiki/Special:FilePath/Parc%20si%20conac%20Milesti%20Nisporeni%20%287%29.jpg,
Parcul „Leuntea”,http://www.wikidata.org/entity/Q28938173,Point(29.586123 46.6548),,
Luncă mlăștinoasă cu trestie,http://www.wikidata.org/entity/Q28937819,Point(27.785186 48.197757),http://commons.wikimedia.org/wiki/Special:FilePath/%D0%91%D0%BE%D0%BB%D0%BE%D1%82%D0%B8%D1%81%D1%82%D1%8B%D0%B9%20%D0%BB%D1%83%D0%B3%20%D1%82%D1%80%D0%BE%D1%81%D1%82%D0%BD%D0%B8%D0%BA%D0%BE%D0%B2%D1%8B%D0%B9.jpg,
"Complex de soluri aluvionare, carbonatate, cernoziomice, de fâneață, mlăștinoase și înnămolite ale zonei basarabene de stepă",http://www.wikidata.org/entity/Q28937591,Point(29.738414 46.649941),,
Nistrul de Jos,http://www.wikidata.org/entity/Q28721500,Point(29.75584 46.598816),http://commons.wikimedia.org/wiki/Special:FilePath/Nistrul%20de%20Jos.jpg,
Grădina Dendrologică din Chișinău,http://www.wikidata.org/entity/Q28937919,Point(28.807665 47.033405),http://commons.wikimedia.org/wiki/Special:FilePath/Dendrarium%20Chisinau%20%283%29.jpg,
Luncă cu puccinelie distanțată,http://www.wikidata.org/entity/Q28937860,Point(28.457341 47.527296),,
Grădina Zoologică din Chișinău,http://www.wikidata.org/entity/Q4222665,Point(28.867077 46.974284),http://commons.wikimedia.org/wiki/Special:FilePath/Chi%C8%99in%C4%83u%20Zoo%20June%202016%20001.jpg,
Complex de cernoziomuri podzolite și soluri cenușii-închis de pădure cu soluri fosile îngropate ale obiectului arheologic al zonei de silvostepă din nordul Moldovei,http://www.wikidata.org/entity/Q28937584,Point(27.495566 48.09476),,
Sector de stepă în nordul Bugeacului,http://www.wikidata.org/entity/Q28937690,Point(28.640413 46.389872),http://commons.wikimedia.org/wiki/Special:FilePath/MD.GE.Dezghingea%20-%20sector%20de%20step%C4%83%20%C3%AEn%20nordul%20Bugeacului%20%28II%29%20-%20apr%202018.jpg,
Poiana Curătura,http://www.wikidata.org/entity/Q20432088,Point(28.88724 47.88422),http://commons.wikimedia.org/wiki/Special:FilePath/Poiana-Curatura-1.jpg,
La Castel,http://www.wikidata.org/entity/Q20431545,Point(27.150497 48.14437),http://commons.wikimedia.org/wiki/Special:FilePath/Rezerva%C8%9Bia%20natural%C4%83%20%E2%80%9DLa%20castel%E2%80%9D%2C%20raionul%20Edine%C8%9B%2C%20valea%20r%C3%A2ului%20Racov%C4%83%C8%9B.%20Panoram%C4%83.jpg,
Climăuții de Jos,http://www.wikidata.org/entity/Q20431988,Point(28.784259 47.967967),http://commons.wikimedia.org/wiki/Special:FilePath/Valea%20r.%20Cusmirca%20in%20Padurea%20Climautii%20de%20Jos%20Soldanesti%20%281%29.jpg,
Pociumbeni,http://www.wikidata.org/entity/Q28920318,Point(27.25853 47.993038),http://commons.wikimedia.org/wiki/Special:FilePath/Rezerva%C8%9Bie%20natural%C4%83%20de%20p%C4%83dure%20Pociumbeni%20%C3%AEn%20Moldova.jpg,
Sadova,http://www.wikidata.org/entity/Q28920254,Point(28.307841 47.216152),http://commons.wikimedia.org/wiki/Special:FilePath/Codrii%20din%20Sadova%20Calaras%20%284%29.jpg,
Vila Caracui,http://www.wikidata.org/entity/Q28920285,Point(28.608455 46.677182),,
Vadul,http://www.wikidata.org/entity/Q28920247,Point(28.663092 48.13397),,
Cărbuna,http://www.wikidata.org/entity/Q20432031,Point(28.896732 46.710293),http://commons.wikimedia.org/wiki/Special:FilePath/CARBUNA.jpg,
Mlaștina „Togai”,http://www.wikidata.org/entity/Q28920386,Point(30.011161 46.468311),,
Trebujeni,http://www.wikidata.org/entity/Q20432126,Point(28.95662 47.326701),http://commons.wikimedia.org/wiki/Special:FilePath/Valea%20Rautului%20Trebujeni-Furceni%20Orhei%20%289%29.jpg,
Sitișchi,http://www.wikidata.org/entity/Q28920246,Point(28.8295 47.989599),,
Șaptebani,http://www.wikidata.org/entity/Q28920325,Point(27.336816 47.932523),http://commons.wikimedia.org/wiki/Special:FilePath/In%20the%20Rascani%20district%20%281980%29.%20%2825423282820%29.jpg,
Telița,http://www.wikidata.org/entity/Q20432108,Point(29.302458 46.970218),http://commons.wikimedia.org/wiki/Special:FilePath/%D0%A3%D1%80%D0%BE%D1%87%D0%B8%D1%89%D0%B5%20%D0%B8%20%D1%80%D0%B5%D0%BA%D0%B0%20%D0%94%D0%BD%D0%B5%D1%81%D1%82%D1%80%20%D0%BC%D0%B5%D0%B6%D0%B4%D1%83%20%D1%81%D1%91%D0%BB%D0%B0%D0%BC%D0%B8%20%D0%A2%D0%B5%D0%BB%D0%B8%D1%86%D0%B0%20%D0%B8%20%D0%A2%D0%B5%D0%BB%D0%B8%D1%86%D0%B0%20%D0%9D%D0%BE%D1%83%D1%8D.jpg,
Căpriana–Scoreni,http://www.wikidata.org/entity/Q20432020,Point(28.532105 47.08798),http://commons.wikimedia.org/wiki/Special:FilePath/Capriana-scoreni%20364%20%281%29.jpg,
Ciobalaccia,http://www.wikidata.org/entity/Q28920250,Point(28.300981 46.15144),http://commons.wikimedia.org/wiki/Special:FilePath/MD.CT.Ciobalaccia%20-%20rezerva%C8%9Bia%20natural%C4%83%20silvic%C4%83%20Ciobalaccia%20-%20apr%202018%20-%2008.jpg,
Voloca Verbca,http://www.wikidata.org/entity/Q20432147,Point(28.384352 47.20346),http://commons.wikimedia.org/wiki/Special:FilePath/Rezervatia%20peisajistica%20Voloca-Verbca.%20Vedere%20de%20pe%20traseul%20Chisinau-Ungheni%20IMG%2002.jpg,
Calarașovca,http://www.wikidata.org/entity/Q20432014,Point(27.828409 48.410278),http://commons.wikimedia.org/wiki/Special:FilePath/Calara%C8%99ovca.%20Lunca%20Nistrului.jpg,
Ostianova,http://www.wikidata.org/entity/Q28920292,Point(28.519014 46.469846),http://commons.wikimedia.org/wiki/Special:FilePath/MD.LV%20-%20rezerva%C8%9Bia%20Ostianova%20-%20jul%202021%20-%2005.jpg,
Rosoșeni,http://www.wikidata.org/entity/Q28920244,Point(27.037701 48.364107),,
Holoșnița,http://www.wikidata.org/entity/Q20432065,Point(28.095814 48.22763),http://commons.wikimedia.org/wiki/Special:FilePath/Holosnita%2004.jpg,
Hrușca,http://www.wikidata.org/entity/Q28920355,Point(28.607238 48.110834),,
Zolonceni,http://www.wikidata.org/entity/Q28920274,Point(29.120767 47.239593),http://commons.wikimedia.org/wiki/Special:FilePath/MD.CR%20-%20Rezerva%C8%9Bia%20Zolonceni%20-%20jun%202021%20-%2009.jpg,
Sărata-Răzeși,http://www.wikidata.org/entity/Q28920286,Point(28.240742 46.662546),http://commons.wikimedia.org/wiki/Special:FilePath/CEEA%20CE%20E%20FRUMOS.jpg,
Valea Adîncă,http://www.wikidata.org/entity/Q20432135,Point(28.839493 48.013866),http://commons.wikimedia.org/wiki/Special:FilePath/The%20surroundings%20the%20village%20of%20Valea%20Adanca%20%281980%29.%20%2825202693250%29.jpg,
Țigănești,http://www.wikidata.org/entity/Q20432160,Point(28.507222 47.332652),http://commons.wikimedia.org/wiki/Special:FilePath/Padure%20Tabara%20Orhei%20%284%29.jpg,
Glubocaia Dolina,http://www.wikidata.org/entity/Q28937502,Point(28.88627 47.961209),,
Molești,http://www.wikidata.org/entity/Q28920289,Point(28.756848 46.777344),,
Cernoleuca,http://www.wikidata.org/entity/Q28920360,Point(27.583085 48.340609),,
Pădurea Hîrbovăț,http://www.wikidata.org/entity/Q4153186,Point(29.390171 46.873706),http://commons.wikimedia.org/wiki/Special:FilePath/%D0%A5%D1%8B%D1%80%D0%B1%D0%BE%D0%B2%D1%8D%D1%86%D0%BA%D0%B8%D0%B9%20%D0%BB%D0%B5%D1%81.jpg,
Țîpova,http://www.wikidata.org/entity/Q20432168,Point(28.971596 47.594194),http://commons.wikimedia.org/wiki/Special:FilePath/Defileul%20Tipova%20Rezina%20%284%29.jpg,
Seliște,http://www.wikidata.org/entity/Q28920373,Point(28.093189 47.106005),http://commons.wikimedia.org/wiki/Special:FilePath/MD.NS%20-%20rezerva%C8%9Bia%20natural%C4%83%20de%20plante%20medicinale%20Seli%C8%99te%20-%20jul%202021%20-%2007.jpg,
Vadul lui Isac,http://www.wikidata.org/entity/Q28920350,Point(28.269254 45.747438),,
Cantemir,http://www.wikidata.org/entity/Q28920380,Point(28.163415 46.277757),http://commons.wikimedia.org/wiki/Special:FilePath/MD.CT%20-%20rezerva%C8%9Bia%20Cantemir%20-%20jun%202021%20-%2002.jpg,
Suta de Movile,http://www.wikidata.org/entity/Q12741760,Point(27.302058 47.818367),http://commons.wikimedia.org/wiki/Special:FilePath/Cava%20obisnuit%20de%20pe%20Suta%20de%20Movile.jpg,
Vila Nisporeni,http://www.wikidata.org/entity/Q20433216,Point(28.25793 47.009581),,
Zberoaia–Lunca,http://www.wikidata.org/entity/Q20431964,Point(28.09 46.965278),http://commons.wikimedia.org/wiki/Special:FilePath/MD.NS%20-%20rezerva%C8%9Bia%20natural%C4%83%20Zberoia%E2%80%93Lunca%20-%20jul%202021%20-%2006.jpg,
Misilindra,http://www.wikidata.org/entity/Q28920263,Point(29.469673 46.73054),,
Saharna,http://www.wikidata.org/entity/Q20432102,Point(28.963877 47.69566),http://commons.wikimedia.org/wiki/Special:FilePath/Pe%20deal0023.JPG,
Grădina Turcească,http://www.wikidata.org/entity/Q20430421,Point(29.612801 46.689437),,
Pădurea din Hîncești,http://www.wikidata.org/entity/Q20431034,Point(28.49453 46.845113),http://commons.wikimedia.org/wiki/Special:FilePath/%C3%8En%20acela%C8%99i%20suflu%20cu%20natura%21.jpg,
Copanca,http://www.wikidata.org/entity/Q28920326,Point(29.581477 46.712686),,
Dobrușa,http://www.wikidata.org/entity/Q20432039,Point(28.645917 47.798495),http://commons.wikimedia.org/wiki/Special:FilePath/Dobrusa%20Soldanesti%20%282%29.jpg,
Temeleuți,http://www.wikidata.org/entity/Q20432112,Point(28.106536 47.250714),http://commons.wikimedia.org/wiki/Special:FilePath/TEMELEUTI-3803.jpg,
Leuntea,http://www.wikidata.org/entity/Q28920327,Point(29.583311 46.693512),,
Pohrebeni,http://www.wikidata.org/entity/Q20432079,Point(28.887376 47.562784),http://commons.wikimedia.org/wiki/Special:FilePath/MD.OR.Pohrebeni%20-%20rezerva%C8%9Bia%20peisagistic%C4%83%20Pohrebeni%20-%20jun%202021%20-%2003.jpg,
Pogănești,http://www.wikidata.org/entity/Q28920287,Point(28.228158 46.678361),,
Hligeni,http://www.wikidata.org/entity/Q28920334,Point(28.873761 47.847426),,
Bugeac,http://www.wikidata.org/entity/Q28920359,Point(28.692888 46.391972),http://commons.wikimedia.org/wiki/Special:FilePath/MD.GE%20-%20rezerva%C8%9Bia%20natural%C4%83%20de%20plante%20medicinale%20Bugeac%20-%20jun%202021%20-%2006.jpg,
Fetești,http://www.wikidata.org/entity/Q20432056,Point(27.119727 48.180844),http://commons.wikimedia.org/wiki/Special:FilePath/St%C3%A2nc%C4%83%20calcaroas%C4%83%2C%20Fete%C8%99ti%2C%20RM.JPG,
Ecosistemul acvatic „Lebăda albă”,http://www.wikidata.org/entity/Q28920383,Point(28.233873 46.490712),http://commons.wikimedia.org/wiki/Special:FilePath/MD.LV%20-%20Ecosistemul%20acvatic%20%E2%80%9ELeb%C4%83da%20alb%C4%83%E2%80%9D%20-%20jun%202021%20-%2005.jpg,
Condrița,http://www.wikidata.org/entity/Q28920329,Point(28.607049 47.022775),http://commons.wikimedia.org/wiki/Special:FilePath/MD.ST.Condri%C8%9Ba%20-%20Condri%C8%9Ba%20nature%20reserve%20-%20may%202017%20-%2017.jpg,
Zăbriceni,http://www.wikidata.org/entity/Q20432155,Point(27.236447 48.073534),http://commons.wikimedia.org/wiki/Special:FilePath/MD.ED.Z%C4%83briceni%20-%20rezerva%C8%9Bia%20peisagistic%C4%83%20Z%C4%83briceni%20-%20apr%202018%20-%2013.jpg,
Valea Seacă „Tamașlîc”,http://www.wikidata.org/entity/Q20431766,Point(29.34908 47.179509),,
Roșcani,http://www.wikidata.org/entity/Q28920332,Point(28.673014 47.181269),http://commons.wikimedia.org/wiki/Special:FilePath/MD.ST.R%C4%83deni%20-%20rezerva%C8%9Bia%20natural%C4%83%20Ro%C8%99cani%20-%20sep%202018%20-%2003.jpg,
Bugornea,http://www.wikidata.org/entity/Q20429443,Point(28.839538 47.948265),http://commons.wikimedia.org/wiki/Special:FilePath/Bugornea.jpg,
Dubăsari,http://www.wikidata.org/entity/Q28920271,Point(29.28544 47.116091),,
Mestecăniș,http://www.wikidata.org/entity/Q28920307,Point(27.387706 48.407617),,
Ghiliceni,http://www.wikidata.org/entity/Q28920342,Point(28.232376 47.447762),,
Sărata Galbenă,http://www.wikidata.org/entity/Q28920284,Point(28.406444 46.723516),,
Tețcani,http://www.wikidata.org/entity/Q20432119,Point(26.957571 48.168237),http://commons.wikimedia.org/wiki/Special:FilePath/Raul%20Vilia%20in%20rezervatia%20peizajistica%20Tetcan%20Briceni%20%282%29.jpg,
Climăuți,http://www.wikidata.org/entity/Q28920308,Point(27.579188 48.36521),,
Rădoaia,http://www.wikidata.org/entity/Q28920376,Point(28.161791 47.751816),http://commons.wikimedia.org/wiki/Special:FilePath/Padurea%20-%20ocol%20Silvic%20Radoaia%20imprejurimi.jpg,
Boguș,http://www.wikidata.org/entity/Q28920255,Point(28.20274 47.31289),,
Liceul Bolgrad,http://www.wikidata.org/entity/Q28920267,Point(28.437313 46.083459),http://commons.wikimedia.org/wiki/Special:FilePath/SPPN%20-%20Liceul%20Bolgrad%20-%20apr%202018%20-%2004.jpg,
Erjova,http://www.wikidata.org/entity/Q28920311,Point(29.033619 47.819432),,
Pădurea Băxani,http://www.wikidata.org/entity/Q28920276,Point(28.072506 48.117433),,
Codrii Tigheci,http://www.wikidata.org/entity/Q20431309,Point(28.361708 46.324299),http://commons.wikimedia.org/wiki/Special:FilePath/Padure%20de%20stejar%20Tigheci%20Cantemir%20%282%29.jpg,
Telenești,http://www.wikidata.org/entity/Q28920346,Point(28.404092 47.464538),http://commons.wikimedia.org/wiki/Special:FilePath/Telene%C8%99ti%20IMG%201995.jpg,
Leordoaia,http://www.wikidata.org/entity/Q28920256,Point(28.163925 47.335765),http://commons.wikimedia.org/wiki/Special:FilePath/P%C4%83durea%20deasupra%20s.%20Leordoaia%20Calarasi.jpg,
Hîrtopul Moisei,http://www.wikidata.org/entity/Q28920265,Point(28.955287 46.588069),,
Cahul,http://www.wikidata.org/entity/Q28920354,Point(28.287765 46.038268),,
Voinova,http://www.wikidata.org/entity/Q28920258,Point(28.467979 47.303956),http://commons.wikimedia.org/wiki/Special:FilePath/%D0%9B%D0%B5%D1%81%20%D0%92%D0%BE%D0%B9%D0%BD%D0%BE%D0%B2%D0%B0%20%D0%B8%20%D1%81%D0%B5%D0%BB%D0%BE%20%D0%9E%D0%BD%D0%B5%D1%88%D1%82%D1%8B.jpg,
Rosoșeni,http://www.wikidata.org/entity/Q28920353,Point(27.028433 48.374485),,
Ocnița,http://www.wikidata.org/entity/Q28920305,Point(27.381234 48.384366),,
Cosăuți,http://www.wikidata.org/entity/Q20431999,Point(28.235691 48.201361),http://commons.wikimedia.org/wiki/Special:FilePath/%D0%9A%D0%BE%D1%81%D1%8D%D1%83%D1%86%D1%8C.jpg,
Flămînda,http://www.wikidata.org/entity/Q28920352,Point(28.281604 45.767916),,
Sector-etalon de pădure,http://www.wikidata.org/entity/Q28920291,Point(28.613404 47.041228),http://commons.wikimedia.org/wiki/Special:FilePath/MD.IL.Malcoci%20-%20Sector-etalon%20de%20p%C4%83dure%2C%20scumpie%20-%20may%202016%20-%2004.jpg,
Sărata Galbenă,http://www.wikidata.org/entity/Q28920371,Point(28.392483 46.71393),,
Scăfăreni,http://www.wikidata.org/entity/Q28920257,Point(28.134341 47.314479),http://commons.wikimedia.org/wiki/Special:FilePath/Sc%C4%83f%C4%83reni%2C%20traseul%20Chisinau-Ungheni.jpg,
Dolna,http://www.wikidata.org/entity/Q20432049,Point(28.266551 47.105418),http://commons.wikimedia.org/wiki/Special:FilePath/%D0%92%D0%B8%D0%B4%20%D0%BD%D0%B0%20%D1%81%D0%B5%D0%BB%D0%BE%20%D0%94%D0%BE%D0%BB%D0%BD%D0%B0%20%D0%B8%20%D0%BE%D0%BA%D1%80%D1%83%D0%B6%D0%B0%D1%8E%D1%89%D0%B8%D0%B5%20%D0%B5%D0%B3%D0%BE%20%D1%85%D0%BE%D0%BB%D0%BC%D1%8B%20%D1%81%20%D0%BB%D0%B5%D1%81%D0%B0%D0%BC%D0%B8.jpg,
Chioselia,http://www.wikidata.org/entity/Q20431981,Point(28.377236 46.162937),http://commons.wikimedia.org/wiki/Special:FilePath/MD.CT.Chioselia%20-%20rezerva%C8%9Bia%20peisagistic%C4%83%20Chioselia%20-%20apr%202018%20-%2003.jpg,
Izvoare–Risipeni,http://www.wikidata.org/entity/Q20432072,Point(27.616437 47.477599),http://commons.wikimedia.org/wiki/Special:FilePath/Izvoare%20%E2%80%93%20Risipeni%2C%20monument%20al%20naturii%20img%20017.%20O%20lunca%20din%20Risipeni.jpg,
Stînca,http://www.wikidata.org/entity/Q28920315,Point(27.295503 47.930907),http://commons.wikimedia.org/wiki/Special:FilePath/MD.RS%20-%20rezerva%C8%9Bia%20natural%C4%83%20silvic%C4%83%20St%C3%AEnca%20-%20apr%202018%20-%2001.jpg,
Seliște-Leu,http://www.wikidata.org/entity/Q28920295,Point(28.091576 47.11183),http://commons.wikimedia.org/wiki/Special:FilePath/MD.NS%20-%20rezerva%C8%9Bia%20natural%C4%83%20Seli%C8%99te-Leu%20-%20jul%202021%20-%2006.jpg,
Valea Mare,http://www.wikidata.org/entity/Q20432141,Point(27.837829 47.120997),http://commons.wikimedia.org/wiki/Special:FilePath/Rezerva%C8%9Bia%20Valea%20Mare%2C%20vedere%20dinspre%20traseul%20Nisporeni%20-%20Ungheni.jpg,
Cazimir–Milești,http://www.wikidata.org/entity/Q20431974,Point(28.06808 47.22442),http://commons.wikimedia.org/wiki/Special:FilePath/%D0%9A%D0%B0%D0%B7%D0%B8%D0%BC%D0%B8%D1%80-%D0%9C%D0%B8%D0%BB%D0%B5%D1%88%D1%82%D1%8C.jpg,
Logănești,http://www.wikidata.org/entity/Q28920366,Point(28.504063 46.911297),http://commons.wikimedia.org/wiki/Special:FilePath/%D0%9B%D0%BE%D0%B3%D1%8D%D0%BD%D0%B5%D1%88%D1%82%D1%81%D0%BA%D0%BE%D0%B5%20%D0%BB%D0%B5%D1%81%D0%BD%D0%B8%D1%87%D0%B5%D1%81%D1%82%D0%B2%D0%BE%2003.jpg,
Voinova,http://www.wikidata.org/entity/Q28920242,Point(29.346514 47.049365),http://commons.wikimedia.org/wiki/Special:FilePath/%D0%92%D0%BE%D0%B9%D0%BD%D0%BE%D0%B2%D0%B0%2002.jpg,
Căbăiești–Pîrjolteni,http://www.wikidata.org/entity/Q20432005,Point(28.2101 47.196354),http://commons.wikimedia.org/wiki/Special:FilePath/%D0%9A%D0%B0%D0%B1%D0%B0%D0%B5%D1%88%D1%82%D1%8C-%D0%9F%D1%8B%D1%80%D0%B6%D0%BE%D0%BB%D1%82%D0%B5%D0%BD%D1%8C-3.jpg,
Lunca inundabilă de lângă Antonești,http://www.wikidata.org/entity/Q20430706,Point(28.194687 46.330653),http://commons.wikimedia.org/wiki/Special:FilePath/MD.CT.Antone%C8%99ti%20-%20Lunca%20inundabil%C4%83%20Antone%C8%99ti%20-%20apr%202018%20-%2002.jpg,
Lucăceni,http://www.wikidata.org/entity/Q28920323,Point(27.31432 47.865888),,
Baurci,http://www.wikidata.org/entity/Q28920245,Point(28.262839 46.035809),http://commons.wikimedia.org/wiki/Special:FilePath/MD.CH.Baurci-Moldoveni%20-%20rezerva%C8%9Bia%20natural%C4%83%20Baurci%20-%20apr%202018%20-%2001.jpg,
Colohur,http://www.wikidata.org/entity/Q28920249,Point(28.901836 47.908675),,
Râpele de la Cimișlia,http://www.wikidata.org/entity/Q20432548,Point(28.763863 46.518483),http://commons.wikimedia.org/wiki/Special:FilePath/Cimi%C8%99lia%20ravines%20W%20577aa8cd.jpg,
Dancu,http://www.wikidata.org/entity/Q28920278,Point(28.180825 46.751637),,
Cabac,http://www.wikidata.org/entity/Q28920297,Point(28.143518 47.184581),http://commons.wikimedia.org/wiki/Special:FilePath/Rezervati%20naturala%20Cabac.jpg,
Nemțeni,http://www.wikidata.org/entity/Q28920283,Point(28.090284 46.902481),,
La 33 de Vaduri,http://www.wikidata.org/entity/Q12731778,Point(27.571174 48.428333),http://commons.wikimedia.org/wiki/Special:FilePath/Formatiuni%20geologice%20langa%20Naslavcea%20Ocnita%20%2802%29.jpg,
Complexul geologic și paleontologic din bazinul râului Lopatnic,http://www.wikidata.org/entity/Q20431473,Point(27.027676 48.253298),http://commons.wikimedia.org/wiki/Special:FilePath/Complexul%20geologic%20%C8%99i%20paleontologic%20din%20bazinul%20r%C3%A2ului%20Lopatnic.%20L%C3%A2ng%C4%83%20satul%20Corjeu%C8%9Bi.%20Panoram%C4%83.jpg,
Rudi–Arionești,http://www.wikidata.org/entity/Q20432095,Point(27.904749 48.348714),http://commons.wikimedia.org/wiki/Special:FilePath/Rezervatia%20Rudi-Arionesti%20Soroca-Dondiuseni%20%288%29.jpg,
Vâlceaua „Partea Cneazului”,http://www.wikidata.org/entity/Q28916455,Point(27.689868 48.419411),http://commons.wikimedia.org/wiki/Special:FilePath/MD.OC.Mere%C8%99euca%20-%20%22Partea%20Cneazului%22%20valley%20-%20apr%202018%20-%2008.jpg,
Izvorul din satul Jeloboc,http://www.wikidata.org/entity/Q20429817,Point(28.923247 47.365211),http://commons.wikimedia.org/wiki/Special:FilePath/Izvorul%20Jeloboc%20Orhei%20%286%29.jpg,
Aflorimentul de nisipuri tortoniene de lângă gara Naslavcea,http://www.wikidata.org/entity/Q28916446,Point(27.588466 48.42524),http://commons.wikimedia.org/wiki/Special:FilePath/MD.OC.Naslavcea%20-%20Aflorimentul%20de%20nisipuri%20tortoniene%20de%20l%C3%A2ng%C4%83%20gara%20Naslavcea%20-%20apr%202017%20-%2003.jpg,
Secțiunea geologică din valea râului Ialpug,http://www.wikidata.org/entity/Q28916392,Point(28.679577 46.325361),http://commons.wikimedia.org/wiki/Special:FilePath/MD.GE.Comrat%20-%20Sec%C8%9Biunea%20geologic%C4%83%20din%20valea%20r%C3%A2ului%20Ialpug.%20Vedere%20dinspre%20ora%C8%99ul%20Comrat%20-%20apr%202018%20-%2003.jpg,
Peștera surprizelor,http://www.wikidata.org/entity/Q24258444,Point(29.154514 47.232309),http://commons.wikimedia.org/wiki/Special:FilePath/Pestera%20surprizelor%20camera%2001.jpg,
Izvoarele din satul Nișcani,http://www.wikidata.org/entity/Q28916550,Point(28.344571 47.274274),http://commons.wikimedia.org/wiki/Special:FilePath/MD.CL.Ni%C8%99cani%20-%20water%20springs%20%28protected%20area%29%20-%20may%202017%20-%2009.jpg,
Argile etuliene pe malul Nistrului,http://www.wikidata.org/entity/Q28916492,Point(28.967294 47.777025),,
Cariera Cociulia,http://www.wikidata.org/entity/Q28916238,Point(28.39735 46.362592),http://commons.wikimedia.org/wiki/Special:FilePath/MD.CT.Cociulia%20-%20cariera%20Cociulia%20-%20apr%202018%20-%2004.jpg,
Râpele de la Ceadîr-Lunga,http://www.wikidata.org/entity/Q28916388,Point(28.847029 46.044764),http://commons.wikimedia.org/wiki/Special:FilePath/MD.GE.Cead%C3%AEr-Lunga%20-%20r%C3%A2pele%20de%20la%20Cead%C3%AEr-Lunga%20-%20apr%202018%20-%2001.jpg,
Izvorul lui Ștefan cel Mare,http://www.wikidata.org/entity/Q28916551,Point(28.165461 47.254537),http://commons.wikimedia.org/wiki/Special:FilePath/MD.CL.V%C4%83lcine%C8%9B%20-%20Izvorul%20lui%20%C8%98tefan%20cel%20Mare%20-%20may%202016%20-%2004.jpg,
Râpa de Piatră,http://www.wikidata.org/entity/Q28916521,Point(30.041937 46.441375),,
Râpa „Rudîi Iar”,http://www.wikidata.org/entity/Q28916448,Point(27.571063 48.462962),http://commons.wikimedia.org/wiki/Special:FilePath/Rudii%20Iar%20Naslavcea%20Ocnita%20%288%29.jpg,
Amplasamentul fosilifer de lângă satul Pelinei,http://www.wikidata.org/entity/Q28916134,Point(28.307057 45.830082),,
Râpa Taraclia,http://www.wikidata.org/entity/Q28916239,Point(29.129906 46.564796),,
Defileul Orhei,http://www.wikidata.org/entity/Q28916462,Point(28.828661 47.363868),http://commons.wikimedia.org/wiki/Special:FilePath/Spre%20pohorniceni.jpg,
Afloriment de argile etuliene,http://www.wikidata.org/entity/Q28916536,Point(28.432527 45.520461),http://commons.wikimedia.org/wiki/Special:FilePath/MD.GE.Etulia%20-%20afloriment%20de%20argile%20etuliene%20-%20apr%202018%20-%2002.jpg,
Amplasament de vertebrate fosile lângă satul Pocșești,http://www.wikidata.org/entity/Q28916460,Point(28.680994 47.243639),,
Aflorimentul Costești,http://www.wikidata.org/entity/Q28916431,Point(28.8 46.862412),http://commons.wikimedia.org/wiki/Special:FilePath/MD.IL.Coste%C8%99ti%20-%20Aflorimentul%20Coste%C8%99ti%20-%20jun%202021%20-%2002.jpg,
Defileul Burlănești,http://www.wikidata.org/entity/Q28916414,Point(27.122133 48.138683),http://commons.wikimedia.org/wiki/Special:FilePath/Defileul%20Burlanesti%20Edinet%20panta%20dreapta.jpg,
Izvorul de apă minerală din comuna Hîrjauca,http://www.wikidata.org/entity/Q28916546,Point(28.257992 47.320396),,
Rîpa Adîncă,http://www.wikidata.org/entity/Q28916437,Point(27.602223 48.451225),,
Râpa Zgurița,http://www.wikidata.org/entity/Q28916402,Point(28.010267 48.137184),,
Cariera din Boșernița (părăsită),http://www.wikidata.org/entity/Q28916467,Point(28.977202 47.780246),http://commons.wikimedia.org/wiki/Special:FilePath/Cariera%20din%20Bo%C8%99erni%C8%9Ba%20%28photo%203%29.jpg,
Colina „Casca”,http://www.wikidata.org/entity/Q28916507,Point(28.074188 48.260223),http://commons.wikimedia.org/wiki/Special:FilePath/Movila%20Casca%20Cremenciug%20Soroca%20%285%29.jpg,
Aflorimentul Răspopeni,http://www.wikidata.org/entity/Q28916515,Point(28.641229 47.70176),http://commons.wikimedia.org/wiki/Special:FilePath/MD.SD.R%C4%83spopeni%20-%20R%C4%83spopeni%20outcrop%20-%20jun%202021%20-%2005.jpg,
Râpa Tartaul,http://www.wikidata.org/entity/Q28916146,Point(28.415151 45.9914),http://commons.wikimedia.org/wiki/Special:FilePath/MD.CH.Tartaul%20de%20Salcie%20-%20r%C3%A2pa%20Tartaul%20-%20apr%202018%20-%2005.jpg,
Porțiunea malului abrupt al Nistrului de lângă Naslavcea,http://www.wikidata.org/entity/Q28916449,Point(27.609515 48.453395),http://commons.wikimedia.org/wiki/Special:FilePath/Malul%20abrupt%20al%20Nistrului%20Naslavcea-Verejeni%20Ocnita%20%283%29.jpg,
Afloriment de nisipuri și gresii lângă satul Redi-Cereșnovăț,http://www.wikidata.org/entity/Q28916502,Point(28.318269 48.072744),,
Prutul de Jos,http://www.wikidata.org/entity/Q5243549,Point(28.18333333 45.7),http://commons.wikimedia.org/wiki/Special:FilePath/Lacul%20Beleu%2C%20Rezerva%C8%9Bia%20%C8%99tiin%C8%9Bific%C4%83%20Prutul%20de%20Jos%2005.jpg,
Izvorul din satul Ocnița,http://www.wikidata.org/entity/Q28916544,Point(28.646657 48.134666),,
Izvorul din satul Bursuc,http://www.wikidata.org/entity/Q28916543,Point(28.738746 47.970822),,
Aflorimentul de gresii și granit de la Cosăuți,http://www.wikidata.org/entity/Q28916506,Point(28.250892 48.20613),,
Peștera carstică „Emil Racoviță” și zona carstică adiacentă,http://www.wikidata.org/entity/Q4193722,Point(26.636853 48.276962),http://commons.wikimedia.org/wiki/Special:FilePath/Pe%C8%99tera%20Zolushka%20%28Emil%20Racovi%C8%9B%C4%83%29%20%282%29.jpg,
Plaiul Fagului,http://www.wikidata.org/entity/Q12140838,Point(28.054444444 47.291111111),http://commons.wikimedia.org/wiki/Special:FilePath/Rezervatia%20Plaiul%20fagului%20Ungheni%20%286%29.jpg,
Aflorimentul Baurci,http://www.wikidata.org/entity/Q28916256,Point(28.617952 46.107214),http://commons.wikimedia.org/wiki/Special:FilePath/SPPN%20-%20Baurci%20outcrop%20-%20apr%202018%20-%2001.jpg,
Râpa lui Albu,http://www.wikidata.org/entity/Q28916522,Point(29.708025 46.597191),http://commons.wikimedia.org/wiki/Special:FilePath/Rapa%20lui%20Albu.%20Cioburciu.jpg,
Râpa „Bechirov Iar”,http://www.wikidata.org/entity/Q28916501,Point(28.296661 48.146129),http://commons.wikimedia.org/wiki/Special:FilePath/Bechirov%20Iar%20Soroca%20%283%29.jpg,
Stînca Mare,http://www.wikidata.org/entity/Q28916419,Point(27.325945 47.745536),http://commons.wikimedia.org/wiki/Special:FilePath/Stanca%20Mare%20Cobani%20Glodeni%20%286%29.jpg,
Afloriment în blocul Soloneț,http://www.wikidata.org/entity/Q28916499,Point(28.357632 47.70089),http://commons.wikimedia.org/wiki/Special:FilePath/Afloriment%20%C3%AEn%20blocul%20Solone%C8%9B%2003.jpg,
Panta abruptă de lângă satul Sinești,http://www.wikidata.org/entity/Q28916535,Point(28.05199 47.363779),,
Stânca Mîgla,http://www.wikidata.org/entity/Q28916464,Point(28.888329 47.375664),http://commons.wikimedia.org/wiki/Special:FilePath/%D0%A1%D0%BA%D0%B0%D0%BB%D0%B0%20%22%D0%9C%D1%8B%D0%B3%D0%BB%D0%B0%22%2C%20%D1%81%D0%B5%D0%BB%D0%BE%20%D0%9F%D0%BE%D1%85%D0%BE%D1%80%D0%BD%D0%B8%D1%87%D0%B5%D0%BD%D1%8C%20%D0%9E%D1%80%D0%B3%D0%B5%D0%B5%D0%B2%D1%81%D0%BA%D0%BE%D0%B3%D0%BE%20%D1%80%D0%B0%D0%B9%D0%BE%D0%BD%D0%B0%2C%20%D0%A0%D0%B5%D1%81%D0%BF%D1%83%D0%B1%D0%BB%D0%B8%D0%BA%D0%B0%20%D0%9C%D0%BE%D0%BB%D0%B4%D0%BE%D0%B2%D0%B0.jpg,
Râpa Budăi,http://www.wikidata.org/entity/Q28916525,Point(28.448839 45.847281),http://commons.wikimedia.org/wiki/Special:FilePath/%D0%91%D1%83%D0%B4%D1%8D%D0%B9%D1%81%D0%BA%D0%B8%D0%B9%20%D0%BE%D0%B2%D1%80%D0%B0%D0%B3.jpg,
Aflorimentul de cremene compactă de lângă satul Naslavcea,http://www.wikidata.org/entity/Q28916441,Point(27.523413 48.446737),http://commons.wikimedia.org/wiki/Special:FilePath/%D0%9E%D0%B1%D0%BD%D0%B0%D0%B6%D0%B5%D0%BD%D0%B8%D1%8F%20%D0%BA%D1%80%D0%B5%D0%BC%D0%BD%D1%8F%20%D0%B2%20%D1%81%D0%BA%D0%BB%D0%BE%D0%BD%D0%B5%20%D0%BD%D0%B0%D0%B4%20%D0%B4%D0%BE%D0%BB%D0%B8%D0%BD%D0%BE%D0%B9%20%D1%80%D1%83%D1%87%D1%8C%D1%8F%20%D0%91%D1%8B%D1%80%D0%BD%D0%BE%D0%B2%D0%B0%2C%20%D0%9D%D0%B0%D1%81%D0%BB%D0%B0%D0%B2%D1%87%D0%B0%20%282%29.jpg,
Recifele Brînzeni,http://www.wikidata.org/entity/Q28916412,Point(27.173198 48.07583),http://commons.wikimedia.org/wiki/Special:FilePath/Defileul%20Brinzeni%20Edinet%20%288%29.jpg,
Râpa din Purcari,http://www.wikidata.org/entity/Q28916523,Point(29.833545 46.553449),,
Aflorimentul Goian,http://www.wikidata.org/entity/Q28916394,Point(28.931297 47.129956),http://commons.wikimedia.org/wiki/Special:FilePath/MD.C.Goian%20-%20Goian%20outcrop%20-%20jun%202017%20-%2001.jpg,
Râpa din Sălcuța,http://www.wikidata.org/entity/Q28916254,Point(29.265926 46.583166),,
Amplasamentul fosilifer de lângă satul Moscovei,http://www.wikidata.org/entity/Q28916141,Point(28.397029 45.883253),http://commons.wikimedia.org/wiki/Special:FilePath/MD.CH.Moscovei%20-%20Amplasamentul%20fosilifer%20de%20l%C3%A2ng%C4%83%20satul%20Moscovei%20-%20apr%202018%20-%2001.jpg,
Râpa „Carpov Iar”,http://www.wikidata.org/entity/Q28916447,Point(27.570054 48.457605),http://commons.wikimedia.org/wiki/Special:FilePath/Intrare%20in%20Carpov%20Iar%20Naslavcea%20Ocnita.jpg,
Vâlceaua „La Humărie”,http://www.wikidata.org/entity/Q28916404,Point(29.069974 47.247425),http://commons.wikimedia.org/wiki/Special:FilePath/%D0%9B%D0%B5%D0%B2%D1%8B%D0%B9%20%D0%B1%D0%B5%D1%80%D0%B5%D0%B3%20%D1%80%D0%B5%D0%BA%D0%B8%20%D0%A0%D0%B5%D1%83%D1%82%20%D0%BC%D0%B5%D0%B6%D0%B4%D1%83%20%D1%81%D1%91%D0%BB%D0%B0%D0%BC%D0%B8%20%D0%96%D0%B5%D0%B2%D1%80%D0%B5%D0%BD%D1%8C%20%D0%B8%20%D0%A3%D1%81%D1%82%D1%8C%D1%8F.jpg,
Stânca Japca,http://www.wikidata.org/entity/Q28916151,Point(28.699035 48.000474),http://commons.wikimedia.org/wiki/Special:FilePath/%22%D0%96%D0%B0%D0%BF%D0%BA%D0%B8%D0%BD%D1%81%D0%BA%D0%B0%D1%8F%20%D1%81%D0%BA%D0%B0%D0%BB%D0%B0%22%2C%20%D1%81%D0%B5%D0%BB%D0%BE%20%D0%96%D0%B0%D0%BF%D0%BA%D0%B0%20%D0%A4%D0%BB%D0%BE%D1%80%D0%B5%D1%88%D1%82%D1%81%D0%BA%D0%BE%D0%B3%D0%BE%20%D1%80%D0%B0%D0%B9%D0%BE%D0%BD%D0%B0%2C%20%D0%A0%D0%B5%D1%81%D0%BF%D1%83%D0%B1%D0%BB%D0%B8%D0%BA%D0%B0%20%D0%9C%D0%BE%D0%BB%D0%B4%D0%BE%D0%B2%D0%B0.jpg,
Râpele de la Văsieni,http://www.wikidata.org/entity/Q28916422,Point(28.576388 46.968395),http://commons.wikimedia.org/wiki/Special:FilePath/MD.IL%20-%20r%C3%A2pele%20de%20la%20V%C4%83sieni%20-%20jul%202021%20-%2017.jpg,
Terasa levantină din zona codrilor,http://www.wikidata.org/entity/Q28916534,Point(27.73079 47.36169),http://commons.wikimedia.org/wiki/Special:FilePath/Terasa%20levantin%C4%83%20din%20zona%20codrilor%20la%201%2C5%20km%20sud-est%20de%20satul%20Buciumeni.jpg,
Defileul Duruitoarea,http://www.wikidata.org/entity/Q28916495,Point(27.265806111 47.87038),http://commons.wikimedia.org/wiki/Special:FilePath/Defileul%20Duruitorea%20Veche%20Rascani%20%285%29.jpg,
Amplasamentul de faună de lângă satul Calfa,http://www.wikidata.org/entity/Q28916111,Point(29.367102 46.912302),http://commons.wikimedia.org/wiki/Special:FilePath/Amplasament%20de%20fauna%20fosila%20Calfa.jpg,
Parcul național Orhei,http://www.wikidata.org/entity/Q15838244,Point(28.966666666 47.3),http://commons.wikimedia.org/wiki/Special:FilePath/Orhei%20Vechi%2C%20Moldova%20-%20Flickr%20-%20Dave%20Proffer%20%2812%29.jpg,
Recif pe malul râului Răut,http://www.wikidata.org/entity/Q28916463,Point(28.898284 47.35406),http://commons.wikimedia.org/wiki/Special:FilePath/MD.OR.Piatra%20-%20Recif%20pe%20malul%20r%C3%A2ului%20R%C4%83ut%20-%20jun%202021%20-%2003.jpg,
Defileul Buzdugeni,http://www.wikidata.org/entity/Q28916413,Point(27.171335 48.12419),http://commons.wikimedia.org/wiki/Special:FilePath/Defileul%20Buzdugeni%20Edinet%20%283%29.jpg,
Cariera „Cazacu”,http://www.wikidata.org/entity/Q28916512,Point(28.746197 47.08651),http://commons.wikimedia.org/wiki/Special:FilePath/Cariera%20%E2%80%9ECazacu%E2%80%9D.jpg,
Aflorimentul Chetrosu,http://www.wikidata.org/entity/Q28916403,Point(27.887861 48.057073),,
Râpa Namălvii,http://www.wikidata.org/entity/Q28916165,Point(28.746779 47.961565),http://commons.wikimedia.org/wiki/Special:FilePath/R%C3%A2pa%20Nam%C4%83lvii.jpg,
Aflorimentul de lângă orașul Taraclia,http://www.wikidata.org/entity/Q28916532,Point(28.690388 45.899107),http://commons.wikimedia.org/wiki/Special:FilePath/MD.TR.Taraclia%20-%20aflorimentul%20de%20l%C3%A2ng%C4%83%20ora%C8%99ul%20Taraclia%20-%20apr%202018.jpg,
Defileul Văratic,http://www.wikidata.org/entity/Q28916496,Point(27.287528 47.918885),http://commons.wikimedia.org/wiki/Special:FilePath/Defileul%20Varatic%20Riscani%20%2810%29.jpg,
Falia tectonică de lângă satul Naslavcea,http://www.wikidata.org/entity/Q28916454,Point(27.549852 48.472978),,
Cheile Butești,http://www.wikidata.org/entity/Q20430862,Point(27.336125 47.796741666),http://commons.wikimedia.org/wiki/Special:FilePath/Cheile%20Bute%C5%9Fti%20-%2005.jpg,
Pâlnii carstice lângă satul Hrușca,http://www.wikidata.org/entity/Q28916159,Point(28.557238 48.134673),,
Amplasament fosil de dinoteriu lângă satul Pripiceni-Răzeși,http://www.wikidata.org/entity/Q28916466,Point(28.768773 47.681784),,
Râpa „La Izvoare”,http://www.wikidata.org/entity/Q28916458,Point(27.776102 48.436767),http://commons.wikimedia.org/wiki/Special:FilePath/MD.OC.Otaci%20-%20R%C3%AEpa%20%E2%80%9ELa%20Izvoare%E2%80%9D%20-%20may%202017%20-%2008.jpg,
Defileul Fetești,http://www.wikidata.org/entity/Q28916418,Point(27.10946 48.165208),http://commons.wikimedia.org/wiki/Special:FilePath/Fete%C8%99ti%20Defile%20EGO%206271.jpg,
Reciful Proscureni,http://www.wikidata.org/entity/Q28916497,Point(27.255091 47.866777),http://commons.wikimedia.org/wiki/Special:FilePath/Reciful%20Proscureni%20Rascani%20%283%29.jpg,
Râpa „Coțofana”,http://www.wikidata.org/entity/Q28916390,Point(28.718798 46.694025),,
Aflorimentul Fîrlădeni,http://www.wikidata.org/entity/Q28916253,Point(29.391142 46.78321),,
Râpa Cișmichioi,http://www.wikidata.org/entity/Q28916539,Point(28.389273 45.544534),http://commons.wikimedia.org/wiki/Special:FilePath/MD.GE.Ci%C8%99michioi%20-%20Ci%C8%99michioi%20ravine%20-%20apr%202018.jpg,
Complexul „Rașcov”,http://www.wikidata.org/entity/Q20429984,Point(28.829178888 47.961551111),http://commons.wikimedia.org/wiki/Special:FilePath/Rascov%206.jpg,
Codru,http://www.wikidata.org/entity/Q2898951,Point(28.5 47.06666667),http://commons.wikimedia.org/wiki/Special:FilePath/Reservation%20%22Codrii%22%20%281980%29.%20%2824286840476%29.jpg,
Reciful Ialoveni,http://www.wikidata.org/entity/Q28916432,Point(28.783483 46.937145),http://commons.wikimedia.org/wiki/Special:FilePath/Reciful%20Ialoveni%20-%20Ialoveni%20Reef%20iunie%202018%20foto%2042.jpg,
Râpa lui Tofan,http://www.wikidata.org/entity/Q28916242,Point(28.112193 47.276045),,
Cariera părăsită de lângă stația de cale ferată Șoldănești,http://www.wikidata.org/entity/Q28916518,Point(28.737537 47.819698),http://commons.wikimedia.org/wiki/Special:FilePath/Marginea%20lanului%20de%20floarea-soarelui-3.jpg,
Amplasamentul de floră fosilă de lângă satul Ignăței,http://www.wikidata.org/entity/Q28916465,Point(28.679659 47.660428),,
Aflorimentul proterozoicului superior (vendian) de lângă satul Cerlina,http://www.wikidata.org/entity/Q28916237,Point(28.595523 48.077566),http://commons.wikimedia.org/wiki/Special:FilePath/%D0%A7%D0%B5%D1%80%D0%BB%D0%B8%D0%BD%D1%81%D0%BA%D0%BE%D0%B5%20%D0%BE%D0%B1%D0%BD%D0%B0%D0%B6%D0%B5%D0%BD%D0%B8%D0%B5%20%D0%B2%D0%B5%D1%80%D1%85%D0%BD%D0%B5%D0%B3%D0%BE%20%D0%BF%D1%80%D0%BE%D1%82%D0%B5%D1%80%D0%BE%D0%B7%D0%BE%D1%8F.jpg,
Fractura tectonică Seliște,http://www.wikidata.org/entity/Q28916436,Point(28.136771 47.134645),http://commons.wikimedia.org/wiki/Special:FilePath/MD.NS%20-%20fractura%20tectonic%C4%83%20Seli%C8%99te%20-%20jul%202021%20-%2017.jpg,
Defileul Trinca,http://www.wikidata.org/entity/Q28916417,Point(27.102604 48.195352),http://commons.wikimedia.org/wiki/Special:FilePath/Defileul%20Trinca%20Edinet%20vedere%20spre%20sat%20panta%20stinga.jpg,
Vâlceaua Colcot,http://www.wikidata.org/entity/Q28916541,Point(29.649619 46.874832),http://commons.wikimedia.org/wiki/Special:FilePath/%D0%9A%D0%BE%D0%BB%D0%BA%D0%BE%D1%82%D0%BE%D0%B2%D0%B0%20%D0%B1%D0%B0%D0%BB%D0%BA%D0%B0%2001.jpg,
Profilul geologic de lângă satul Socola,http://www.wikidata.org/entity/Q28916514,Point(28.812869 47.905623),http://commons.wikimedia.org/wiki/Special:FilePath/O%20diminea%C8%9B%C4%83%20cu%20cea%C8%9B%C4%83%20de-asupra%20satului%20Socola.jpg,
Iagorlîc,http://www.wikidata.org/entity/Q4536209,Point(29.1625 47.37778),http://commons.wikimedia.org/wiki/Special:FilePath/%D0%9F%D0%B0%D0%BD%D0%BE%D1%80%D0%B0%D0%BC%D0%B0%20%D0%B7%D0%B0%D0%BF%D0%BE%D0%B2%D0%B5%D0%B4%D0%BD%D0%B8%D0%BA%D0%B0%20%D0%AF%D0%B3%D0%BE%D1%80%D0%BB%D1%8B%D0%BA%20%D0%B8%20%D1%81%D0%B5%D0%BB%D0%B0%20%D0%94%D0%BE%D0%B9%D0%B1%D0%B0%D0%BD%D1%8B-I.jpg,
Cariera „Cimitirul Cailor”,http://www.wikidata.org/entity/Q28916240,Point(28.362014 47.273408),http://commons.wikimedia.org/wiki/Special:FilePath/MD.CL.P%C4%83ule%C8%99ti%20-%20Cimitirul%20Cailor%20-%20may%202017%20-%2015.jpg,
Movilele recifale de lângă satul Visoca,http://www.wikidata.org/entity/Q28916396,Point(27.921085 48.229253),,
Râpa Musaitu,http://www.wikidata.org/entity/Q28916526,Point(28.488055 45.822767),http://commons.wikimedia.org/wiki/Special:FilePath/MD.TR.Musaitu%20-%20r%C3%A2pa%20Musaitu%20-%20apr%202018%20-%2018.jpg,
Cariera de lângă satul Zaim,http://www.wikidata.org/entity/Q28916247,Point(29.373498 46.626298),http://commons.wikimedia.org/wiki/Special:FilePath/Forma%C8%9Biune%20calcaroasa%20cu%20scoici%20Mactra.jpg,
Pădurea Domnească,http://www.wikidata.org/entity/Q6271715,Point(27.39361111 47.60972222),http://commons.wikimedia.org/wiki/Special:FilePath/La%20intrare%20in%20Zimbrarie.jpg,
Râpa „În Dos”,http://www.wikidata.org/entity/Q28916243,Point(28.184588 47.264849),http://commons.wikimedia.org/wiki/Special:FilePath/R%C3%A2pa%20in%20Dos.jpg,
Soluri fosile pe terasele nistrene,http://www.wikidata.org/entity/Q28916393,Point(29.136085 47.092716),http://commons.wikimedia.org/wiki/Special:FilePath/B%C4%83l%C4%83b%C4%83ne%C8%99ti%2C%20Moldova%20-%20panoramio%20%2813%29.jpg,
Râpa „La Chetrărie”,http://www.wikidata.org/entity/Q28916513,Point(28.443947 47.144179),http://commons.wikimedia.org/wiki/Special:FilePath/MD.ST%20-%20r%C3%A2pa%20%E2%80%9ELa%20Chetr%C4%83rie%E2%80%9D%20-%20jul%202021%20-%2009.jpg,
Meandrul de la Pererîta,http://www.wikidata.org/entity/Q28916119,Point(26.897201 48.186086),http://commons.wikimedia.org/wiki/Special:FilePath/Meandrul%20de%20la%20Perer%C3%AEta.jpg,
Grotele Brînzeni,http://www.wikidata.org/entity/Q28916411,Point(27.143526 48.06566),http://commons.wikimedia.org/wiki/Special:FilePath/Pestera%20Defileul%20Brinzeni%20Edinet%20vedere%20spre%20sat.jpg,
Pragurile Nistrului,http://www.wikidata.org/entity/Q28916503,Point(28.258491 48.218551),http://commons.wikimedia.org/wiki/Special:FilePath/%D0%94%D0%BD%D0%B5%D1%81%D1%82%D1%80%D0%BE%D0%B2%D1%8B%D0%B5%20%D0%BF%D0%BE%D1%80%D0%BE%D0%B3%D0%B8%20%D0%BE%D0%BA%D0%BE%D0%BB%D0%BE%20%D1%81.%20%D0%9A%D0%BE%D1%81%D1%8D%D1%83%D1%86%D1%8C.jpg,
Râpa Volodeni,http://www.wikidata.org/entity/Q28916415,Point(27.211703 48.118367),http://commons.wikimedia.org/wiki/Special:FilePath/Defileul%20Volodeni%20Edinet%20%281%29.jpg,
Hârtopul de lângă orașul Nisporeni,http://www.wikidata.org/entity/Q28916434,Point(28.184652 47.040931),http://commons.wikimedia.org/wiki/Special:FilePath/MD.NS%20-%20H%C3%A2rtopul%20de%20l%C3%A2ng%C4%83%20ora%C8%99ul%20Nisporeni%20-%20jul%202021%20-%2008.jpg,
Aflorimentul de lângă satul Văleni,http://www.wikidata.org/entity/Q28916537,Point(28.164511 45.598789),http://commons.wikimedia.org/wiki/Special:FilePath/MD.CH%20-%20Aflorimentul%20de%20l%C3%A2ng%C4%83%20V%C4%83leni%20-%20jun%202021%20-%2002.jpg,
